-- MySQL dump 10.13  Distrib 8.0.29, for Linux (x86_64)
--
-- Host: localhost    Database: dmsoffice
-- ------------------------------------------------------
-- Server version	8.0.29-0ubuntu0.20.04.3

/*!40101 SET @OLD_CHARACTER_SET_CLIENT=@@CHARACTER_SET_CLIENT */;
/*!40101 SET @OLD_CHARACTER_SET_RESULTS=@@CHARACTER_SET_RESULTS */;
/*!40101 SET @OLD_COLLATION_CONNECTION=@@COLLATION_CONNECTION */;
/*!50503 SET NAMES utf8mb4 */;
/*!40103 SET @OLD_TIME_ZONE=@@TIME_ZONE */;
/*!40103 SET TIME_ZONE='+00:00' */;
/*!40014 SET @OLD_UNIQUE_CHECKS=@@UNIQUE_CHECKS, UNIQUE_CHECKS=0 */;
/*!40014 SET @OLD_FOREIGN_KEY_CHECKS=@@FOREIGN_KEY_CHECKS, FOREIGN_KEY_CHECKS=0 */;
/*!40101 SET @OLD_SQL_MODE=@@SQL_MODE, SQL_MODE='NO_AUTO_VALUE_ON_ZERO' */;
/*!40111 SET @OLD_SQL_NOTES=@@SQL_NOTES, SQL_NOTES=0 */;

--
-- Table structure for table `activity_log`
--

DROP TABLE IF EXISTS `activity_log`;
/*!40101 SET @saved_cs_client     = @@character_set_client */;
/*!50503 SET character_set_client = utf8mb4 */;
CREATE TABLE `activity_log` (
  `id` bigint unsigned NOT NULL AUTO_INCREMENT,
  `log_name` varchar(255) CHARACTER SET utf8mb4 COLLATE utf8mb4_unicode_ci DEFAULT NULL,
  `description` text CHARACTER SET utf8mb4 COLLATE utf8mb4_unicode_ci NOT NULL,
  `subject_type` varchar(255) CHARACTER SET utf8mb4 COLLATE utf8mb4_unicode_ci DEFAULT NULL,
  `subject_id` bigint unsigned DEFAULT NULL,
  `causer_type` varchar(255) CHARACTER SET utf8mb4 COLLATE utf8mb4_unicode_ci DEFAULT NULL,
  `causer_id` bigint unsigned DEFAULT NULL,
  `properties` json DEFAULT NULL,
  `created_at` timestamp NULL DEFAULT NULL,
  `updated_at` timestamp NULL DEFAULT NULL,
  PRIMARY KEY (`id`),
  KEY `subject` (`subject_type`,`subject_id`),
  KEY `causer` (`causer_type`,`causer_id`),
  KEY `activity_log_log_name_index` (`log_name`)
) ENGINE=InnoDB AUTO_INCREMENT=214 DEFAULT CHARSET=utf8mb4 COLLATE=utf8mb4_unicode_ci;
/*!40101 SET character_set_client = @saved_cs_client */;

--
-- Dumping data for table `activity_log`
--

LOCK TABLES `activity_log` WRITE;
/*!40000 ALTER TABLE `activity_log` DISABLE KEYS */;
INSERT INTO `activity_log` VALUES (1,'default','updated','App\\Models\\Base\\MenusTree',18,NULL,NULL,'{\"old\": {\"icon\": null, \"name\": null, \"route\": null, \"status\": null, \"parent_id\": 1, \"seq_number\": null, \"description\": null}, \"attributes\": {\"icon\": \"cil-command\", \"name\": \"Product\", \"route\": \"inventory/dmsInvProducts\", \"status\": \"1\", \"parent_id\": 1, \"seq_number\": 12, \"description\": \"Product\"}}','2021-11-02 07:06:15','2021-11-02 07:06:15'),(2,'default','updated','App\\Models\\Base\\MenusTree',17,NULL,NULL,'{\"old\": {\"icon\": null, \"name\": null, \"route\": null, \"status\": null, \"parent_id\": 1, \"seq_number\": null, \"description\": null}, \"attributes\": {\"icon\": \"cil-3d\", \"name\": \"UOM\", \"route\": \"inventory/dmsInvUoms\", \"status\": \"1\", \"parent_id\": 1, \"seq_number\": 11, \"description\": \"Unit of measure\"}}','2021-11-02 07:06:15','2021-11-02 07:06:15'),(3,'default','updated','App\\Models\\Base\\MenusTree',16,NULL,NULL,'{\"old\": {\"icon\": null, \"name\": null, \"route\": null, \"status\": null, \"parent_id\": 1, \"seq_number\": null, \"description\": null}, \"attributes\": {\"icon\": \"cil-truck\", \"name\": \"Ekspedisi\", \"route\": \"inventory/dmsInvCarriers\", \"status\": \"1\", \"parent_id\": 1, \"seq_number\": 8, \"description\": \"Master Ekspedisi\"}}','2021-11-02 07:06:15','2021-11-02 07:06:15'),(4,'default','updated','App\\Models\\Base\\MenusTree',14,NULL,NULL,'{\"old\": {\"icon\": null, \"name\": null, \"route\": null, \"status\": null, \"parent_id\": 1, \"seq_number\": null, \"description\": null}, \"attributes\": {\"icon\": \"cil-building\", \"name\": \"Company\", \"route\": \"base/entities\", \"status\": \"1\", \"parent_id\": 1, \"seq_number\": 1, \"description\": \"Master perusahaan\"}}','2021-11-02 07:06:15','2021-11-02 07:06:15'),(5,'default','updated','App\\Models\\Base\\MenusTree',11,NULL,NULL,'{\"old\": {\"icon\": null, \"name\": null, \"route\": null, \"status\": null, \"parent_id\": 1, \"seq_number\": null, \"description\": null}, \"attributes\": {\"icon\": \"cil-cart\", \"name\": \"Supplier\", \"route\": \"base/dmsApSuppliers\", \"status\": \"1\", \"parent_id\": 1, \"seq_number\": 9, \"description\": \"Manage supplier\"}}','2021-11-02 07:06:15','2021-11-02 07:06:15'),(6,'default','updated','App\\Models\\Base\\MenusTree',10,NULL,NULL,'{\"old\": {\"icon\": null, \"name\": null, \"route\": null, \"status\": null, \"parent_id\": 1, \"seq_number\": null, \"description\": null}, \"attributes\": {\"icon\": \"cil-transfer\", \"name\": \"Trip\", \"route\": \"base/trips\", \"status\": \"1\", \"parent_id\": 1, \"seq_number\": 13, \"description\": \"manage trip\"}}','2021-11-02 07:06:15','2021-11-02 07:06:15'),(7,'default','updated','App\\Models\\Base\\MenusTree',9,NULL,NULL,'{\"old\": {\"icon\": null, \"name\": null, \"route\": null, \"status\": null, \"parent_id\": 1, \"seq_number\": null, \"description\": null}, \"attributes\": {\"icon\": \"cil-building\", \"name\": \"City\", \"route\": \"base/cities\", \"status\": \"1\", \"parent_id\": 1, \"seq_number\": 12, \"description\": \"Manage city\"}}','2021-11-02 07:06:15','2021-11-02 07:06:15'),(8,'default','updated','App\\Models\\Base\\MenusTree',8,NULL,NULL,'{\"old\": {\"icon\": null, \"name\": null, \"route\": null, \"status\": null, \"parent_id\": 1, \"seq_number\": null, \"description\": null}, \"attributes\": {\"icon\": \"cil-truck\", \"name\": \"Vehicle Group\", \"route\": \"inventory/dmsInvVehicletypes\", \"status\": \"1\", \"parent_id\": 1, \"seq_number\": 5, \"description\": \"Manage vehicle group\"}}','2021-11-02 07:06:15','2021-11-02 07:06:15'),(9,'default','updated','App\\Models\\Base\\MenusTree',4,NULL,NULL,'{\"old\": {\"icon\": null, \"name\": null, \"route\": null, \"status\": null, \"parent_id\": 1, \"seq_number\": null, \"description\": null}, \"attributes\": {\"icon\": \"cil-address-book\", \"name\": \"Menu\", \"route\": \"base/menus\", \"status\": \"1\", \"parent_id\": 1, \"seq_number\": 1, \"description\": \"Manage menu\"}}','2021-11-02 07:06:15','2021-11-02 07:06:15'),(10,'default','updated','App\\Models\\Base\\MenusTree',5,NULL,NULL,'{\"old\": {\"icon\": null, \"name\": null, \"route\": null, \"status\": null, \"parent_id\": 1, \"seq_number\": null, \"description\": null}, \"attributes\": {\"icon\": \"cil-address-book\", \"name\": \"User\", \"route\": \"base/users\", \"status\": \"1\", \"parent_id\": 1, \"seq_number\": 2, \"description\": \"Manage users\"}}','2021-11-02 07:06:15','2021-11-02 07:06:15'),(11,'default','updated','App\\Models\\Base\\MenusTree',6,NULL,NULL,'{\"old\": {\"icon\": null, \"name\": null, \"route\": null, \"status\": null, \"parent_id\": 1, \"seq_number\": null, \"description\": null}, \"attributes\": {\"icon\": \"cil-address-book\", \"name\": \"Role\", \"route\": \"base/roles\", \"status\": \"1\", \"parent_id\": 1, \"seq_number\": 3, \"description\": \"Manage role\"}}','2021-11-02 07:06:15','2021-11-02 07:06:15'),(12,'default','updated','App\\Models\\Base\\MenusTree',7,NULL,NULL,'{\"old\": {\"icon\": null, \"name\": null, \"route\": null, \"status\": null, \"parent_id\": 1, \"seq_number\": null, \"description\": null}, \"attributes\": {\"icon\": \"cil-address-book\", \"name\": \"Permission\", \"route\": \"base/permissions\", \"status\": \"1\", \"parent_id\": 1, \"seq_number\": 1, \"description\": \"Manage users\"}}','2021-11-02 07:06:16','2021-11-02 07:06:16'),(13,'default','updated','App\\Models\\Base\\MenusTree',1,NULL,NULL,'{\"old\": {\"icon\": null, \"name\": null, \"route\": null, \"status\": null, \"parent_id\": null, \"seq_number\": null, \"description\": null}, \"attributes\": {\"icon\": \"cil-address-book\", \"name\": \"Master Data\", \"route\": null, \"status\": \"1\", \"parent_id\": null, \"seq_number\": 1, \"description\": \"Header menu master\"}}','2021-11-02 07:06:16','2021-11-02 07:06:16'),(14,'default','updated','App\\Models\\Base\\MenusTree',34,NULL,NULL,'{\"old\": {\"icon\": null, \"name\": null, \"route\": null, \"status\": null, \"parent_id\": 2, \"seq_number\": null, \"description\": null}, \"attributes\": {\"icon\": \"cil-diamond\", \"name\": \"Payment type\", \"route\": \"base/dmsArPaymenttypes\", \"status\": \"1\", \"parent_id\": 2, \"seq_number\": 2, \"description\": \"Payment type\"}}','2021-11-02 07:06:16','2021-11-02 07:06:16'),(15,'default','updated','App\\Models\\Base\\MenusTree',33,NULL,NULL,'{\"old\": {\"icon\": null, \"name\": null, \"route\": null, \"status\": null, \"parent_id\": 2, \"seq_number\": null, \"description\": null}, \"attributes\": {\"icon\": \"cil-money\", \"name\": \"Payment Term\", \"route\": \"base/dmsArPaymentterms\", \"status\": \"1\", \"parent_id\": 2, \"seq_number\": 3, \"description\": \"payment term\"}}','2021-11-02 07:06:16','2021-11-02 07:06:16'),(16,'default','updated','App\\Models\\Base\\MenusTree',28,NULL,NULL,'{\"old\": {\"icon\": null, \"name\": null, \"route\": null, \"status\": null, \"parent_id\": 2, \"seq_number\": null, \"description\": null}, \"attributes\": {\"icon\": \"cil-money\", \"name\": \"Journal Entry\", \"route\": \"accounting/accountMoves\", \"status\": \"1\", \"parent_id\": 2, \"seq_number\": 5, \"description\": \"jurnal entri manual\"}}','2021-11-02 07:06:16','2021-11-02 07:06:16'),(17,'default','updated','App\\Models\\Base\\MenusTree',27,NULL,NULL,'{\"old\": {\"icon\": null, \"name\": null, \"route\": null, \"status\": null, \"parent_id\": 2, \"seq_number\": null, \"description\": null}, \"attributes\": {\"icon\": \"cil-calendar-check\", \"name\": \"Invoice\", \"route\": \"accounting/accountInvoices\", \"status\": \"1\", \"parent_id\": 2, \"seq_number\": 4, \"description\": \"Invoice\"}}','2021-11-02 07:06:16','2021-11-02 07:06:16'),(18,'default','updated','App\\Models\\Base\\MenusTree',25,NULL,NULL,'{\"old\": {\"icon\": null, \"name\": null, \"route\": null, \"status\": null, \"parent_id\": 2, \"seq_number\": null, \"description\": null}, \"attributes\": {\"icon\": \"cil-book\", \"name\": \"Chart Of Account\", \"route\": \"accounting/dmsFinAccounts\", \"status\": \"1\", \"parent_id\": 2, \"seq_number\": 1, \"description\": \"Chart Of Account\"}}','2021-11-02 07:06:16','2021-11-02 07:06:16'),(19,'default','updated','App\\Models\\Base\\MenusTree',2,NULL,NULL,'{\"old\": {\"icon\": null, \"name\": null, \"route\": null, \"status\": null, \"parent_id\": null, \"seq_number\": null, \"description\": null}, \"attributes\": {\"icon\": \"cil-address-book\", \"name\": \"Accounting\", \"route\": null, \"status\": \"1\", \"parent_id\": null, \"seq_number\": 2, \"description\": \"Header menu accounting\"}}','2021-11-02 07:06:16','2021-11-02 07:06:16'),(20,'default','updated','App\\Models\\Base\\MenusTree',24,NULL,NULL,'{\"old\": {\"icon\": null, \"name\": null, \"route\": null, \"status\": null, \"parent_id\": 3, \"seq_number\": null, \"description\": null}, \"attributes\": {\"icon\": \"cil-data-transfer-up\", \"name\": \"BKB Synchronize\", \"route\": \"inventory/synchronizeOutStockPickings\", \"status\": \"1\", \"parent_id\": 3, \"seq_number\": 7, \"description\": \"BKB Synchronize\"}}','2021-11-02 07:06:16','2021-11-02 07:06:16'),(21,'default','updated','App\\Models\\Base\\MenusTree',23,NULL,NULL,'{\"old\": {\"icon\": null, \"name\": null, \"route\": null, \"status\": null, \"parent_id\": 3, \"seq_number\": null, \"description\": null}, \"attributes\": {\"icon\": \"cil-data-transfer-down\", \"name\": \"BTB Synchronize\", \"route\": \"inventory/synchronizeInStockPickings\", \"status\": \"1\", \"parent_id\": 3, \"seq_number\": 6, \"description\": \"Sinkronisasi BTB\"}}','2021-11-02 07:06:16','2021-11-02 07:06:16'),(22,'default','updated','App\\Models\\Base\\MenusTree',15,NULL,NULL,'{\"old\": {\"icon\": null, \"name\": null, \"route\": null, \"status\": null, \"parent_id\": 3, \"seq_number\": null, \"description\": null}, \"attributes\": {\"icon\": \"cil-library-building\", \"name\": \"Warehouse\", \"route\": \"inventory/dmsInvWarehouses\", \"status\": \"1\", \"parent_id\": 3, \"seq_number\": 1, \"description\": \"Data Warehouse\"}}','2021-11-02 07:06:16','2021-11-02 07:06:16'),(23,'default','updated','App\\Models\\Base\\MenusTree',3,NULL,NULL,'{\"old\": {\"icon\": null, \"name\": null, \"route\": null, \"status\": null, \"parent_id\": null, \"seq_number\": null, \"description\": null}, \"attributes\": {\"icon\": \"cil-address-book\", \"name\": \"Inventory\", \"route\": null, \"status\": \"1\", \"parent_id\": null, \"seq_number\": 3, \"description\": \"Header menu inventory\"}}','2021-11-02 07:06:16','2021-11-02 07:06:16'),(24,'default','created','App\\Models\\Base\\Entity',1,'App\\Models\\Base\\User',1,'{\"attributes\": {\"name\": \"Sejati Utama\", \"description\": \"-\", \"internal_code\": \"SU\"}}','2021-11-02 07:26:29','2021-11-02 07:26:29'),(25,'default','created','App\\Models\\Base\\Menus',38,'App\\Models\\Base\\User',1,'{\"attributes\": {\"icon\": \"cil-sync\", \"name\": \"Synchronize\", \"route\": \"synchronizes\", \"status\": \"1\", \"parent_id\": null, \"seq_number\": 15, \"description\": \"Sinkronisasi table\"}}','2021-11-08 00:52:34','2021-11-08 00:52:34'),(26,'default','updated','App\\Models\\Base\\MenusTree',38,'App\\Models\\Base\\User',1,'{\"old\": {\"icon\": null, \"name\": null, \"route\": null, \"status\": null, \"parent_id\": null, \"seq_number\": null, \"description\": null}, \"attributes\": {\"icon\": \"cil-sync\", \"name\": \"Synchronize\", \"route\": \"synchronizes\", \"status\": \"1\", \"parent_id\": null, \"seq_number\": 15, \"description\": \"Sinkronisasi table\"}}','2021-11-08 00:52:34','2021-11-08 00:52:34'),(27,'default','updated','App\\Models\\Base\\MenusTree',37,'App\\Models\\Base\\User',1,'{\"old\": {\"icon\": null, \"name\": null, \"route\": null, \"status\": null, \"parent_id\": 36, \"seq_number\": null, \"description\": null}, \"attributes\": {\"icon\": \"cil-alarm\", \"name\": \"Histori Harga\", \"route\": \"/\", \"status\": \"1\", \"parent_id\": 36, \"seq_number\": 1, \"description\": \"Histori perubahan harga barang\"}}','2021-11-08 00:52:34','2021-11-08 00:52:34'),(28,'default','updated','App\\Models\\Base\\MenusTree',36,'App\\Models\\Base\\User',1,'{\"old\": {\"icon\": null, \"name\": null, \"route\": null, \"status\": null, \"parent_id\": null, \"seq_number\": null, \"description\": null}, \"attributes\": {\"icon\": \"cil-notes\", \"name\": \"Log\", \"route\": null, \"status\": \"1\", \"parent_id\": null, \"seq_number\": 6, \"description\": \"Group log\"}}','2021-11-08 00:52:34','2021-11-08 00:52:34'),(29,'default','updated','App\\Models\\Base\\MenusTree',13,'App\\Models\\Base\\User',1,'{\"old\": {\"icon\": null, \"name\": null, \"route\": null, \"status\": null, \"parent_id\": null, \"seq_number\": null, \"description\": null}, \"attributes\": {\"icon\": \"cil-money\", \"name\": \"Finance\", \"route\": null, \"status\": \"1\", \"parent_id\": null, \"seq_number\": 5, \"description\": \"keuangan\"}}','2021-11-08 00:52:34','2021-11-08 00:52:34'),(30,'default','updated','App\\Models\\Base\\MenusTree',12,'App\\Models\\Base\\User',1,'{\"old\": {\"icon\": null, \"name\": null, \"route\": null, \"status\": null, \"parent_id\": null, \"seq_number\": null, \"description\": null}, \"attributes\": {\"icon\": \"cil-baby-carriage\", \"name\": \"Purchase\", \"route\": null, \"status\": \"1\", \"parent_id\": null, \"seq_number\": 4, \"description\": \"purchasing\"}}','2021-11-08 00:52:34','2021-11-08 00:52:34'),(31,'default','updated','App\\Models\\Base\\MenusTree',35,'App\\Models\\Base\\User',1,'{\"old\": {\"icon\": null, \"name\": null, \"route\": null, \"status\": null, \"parent_id\": 1, \"seq_number\": null, \"description\": null}, \"attributes\": {\"icon\": \"cil-address-book\", \"name\": \"Customer\", \"route\": \"base/dmsArCustomers\", \"status\": \"1\", \"parent_id\": 1, \"seq_number\": 9, \"description\": \"Master Customer\"}}','2021-11-08 00:52:34','2021-11-08 00:52:34'),(32,'default','updated','App\\Models\\Base\\MenusTree',32,'App\\Models\\Base\\User',1,'{\"old\": {\"icon\": null, \"name\": null, \"route\": null, \"status\": null, \"parent_id\": 1, \"seq_number\": null, \"description\": null}, \"attributes\": {\"icon\": \"cil-truck\", \"name\": \"Vehicle\", \"route\": \"inventory/dmsInvVehicles\", \"status\": \"1\", \"parent_id\": 1, \"seq_number\": 6, \"description\": \"Manage Vehicle\"}}','2021-11-08 00:52:34','2021-11-08 00:52:34'),(33,'default','updated','App\\Models\\Base\\MenusTree',18,'App\\Models\\Base\\User',1,'{\"old\": {\"icon\": null, \"name\": null, \"route\": null, \"status\": null, \"parent_id\": 1, \"seq_number\": null, \"description\": null}, \"attributes\": {\"icon\": \"cil-command\", \"name\": \"Product\", \"route\": \"inventory/dmsInvProducts\", \"status\": \"1\", \"parent_id\": 1, \"seq_number\": 12, \"description\": \"Product\"}}','2021-11-08 00:52:34','2021-11-08 00:52:34'),(34,'default','updated','App\\Models\\Base\\MenusTree',17,'App\\Models\\Base\\User',1,'{\"old\": {\"icon\": null, \"name\": null, \"route\": null, \"status\": null, \"parent_id\": 1, \"seq_number\": null, \"description\": null}, \"attributes\": {\"icon\": \"cil-3d\", \"name\": \"UOM\", \"route\": \"inventory/dmsInvUoms\", \"status\": \"1\", \"parent_id\": 1, \"seq_number\": 11, \"description\": \"Unit of measure\"}}','2021-11-08 00:52:34','2021-11-08 00:52:34'),(35,'default','updated','App\\Models\\Base\\MenusTree',16,'App\\Models\\Base\\User',1,'{\"old\": {\"icon\": null, \"name\": null, \"route\": null, \"status\": null, \"parent_id\": 1, \"seq_number\": null, \"description\": null}, \"attributes\": {\"icon\": \"cil-truck\", \"name\": \"Ekspedisi\", \"route\": \"inventory/dmsInvCarriers\", \"status\": \"1\", \"parent_id\": 1, \"seq_number\": 8, \"description\": \"Master Ekspedisi\"}}','2021-11-08 00:52:35','2021-11-08 00:52:35'),(36,'default','updated','App\\Models\\Base\\MenusTree',14,'App\\Models\\Base\\User',1,'{\"old\": {\"icon\": null, \"name\": null, \"route\": null, \"status\": null, \"parent_id\": 1, \"seq_number\": null, \"description\": null}, \"attributes\": {\"icon\": \"cil-building\", \"name\": \"Company\", \"route\": \"base/entities\", \"status\": \"1\", \"parent_id\": 1, \"seq_number\": 1, \"description\": \"Master perusahaan\"}}','2021-11-08 00:52:35','2021-11-08 00:52:35'),(37,'default','updated','App\\Models\\Base\\MenusTree',11,'App\\Models\\Base\\User',1,'{\"old\": {\"icon\": null, \"name\": null, \"route\": null, \"status\": null, \"parent_id\": 1, \"seq_number\": null, \"description\": null}, \"attributes\": {\"icon\": \"cil-cart\", \"name\": \"Supplier\", \"route\": \"base/dmsApSuppliers\", \"status\": \"1\", \"parent_id\": 1, \"seq_number\": 9, \"description\": \"Manage supplier\"}}','2021-11-08 00:52:35','2021-11-08 00:52:35'),(38,'default','updated','App\\Models\\Base\\MenusTree',10,'App\\Models\\Base\\User',1,'{\"old\": {\"icon\": null, \"name\": null, \"route\": null, \"status\": null, \"parent_id\": 1, \"seq_number\": null, \"description\": null}, \"attributes\": {\"icon\": \"cil-transfer\", \"name\": \"Trip\", \"route\": \"base/trips\", \"status\": \"1\", \"parent_id\": 1, \"seq_number\": 13, \"description\": \"manage trip\"}}','2021-11-08 00:52:35','2021-11-08 00:52:35'),(39,'default','updated','App\\Models\\Base\\MenusTree',9,'App\\Models\\Base\\User',1,'{\"old\": {\"icon\": null, \"name\": null, \"route\": null, \"status\": null, \"parent_id\": 1, \"seq_number\": null, \"description\": null}, \"attributes\": {\"icon\": \"cil-building\", \"name\": \"City\", \"route\": \"base/cities\", \"status\": \"1\", \"parent_id\": 1, \"seq_number\": 12, \"description\": \"Manage city\"}}','2021-11-08 00:52:35','2021-11-08 00:52:35'),(40,'default','updated','App\\Models\\Base\\MenusTree',8,'App\\Models\\Base\\User',1,'{\"old\": {\"icon\": null, \"name\": null, \"route\": null, \"status\": null, \"parent_id\": 1, \"seq_number\": null, \"description\": null}, \"attributes\": {\"icon\": \"cil-truck\", \"name\": \"Vehicle Group\", \"route\": \"inventory/dmsInvVehicletypes\", \"status\": \"1\", \"parent_id\": 1, \"seq_number\": 5, \"description\": \"Manage vehicle group\"}}','2021-11-08 00:52:35','2021-11-08 00:52:35'),(41,'default','updated','App\\Models\\Base\\MenusTree',4,'App\\Models\\Base\\User',1,'{\"old\": {\"icon\": null, \"name\": null, \"route\": null, \"status\": null, \"parent_id\": 1, \"seq_number\": null, \"description\": null}, \"attributes\": {\"icon\": \"cil-address-book\", \"name\": \"Menu\", \"route\": \"base/menus\", \"status\": \"1\", \"parent_id\": 1, \"seq_number\": 1, \"description\": \"Manage menu\"}}','2021-11-08 00:52:35','2021-11-08 00:52:35'),(42,'default','updated','App\\Models\\Base\\MenusTree',5,'App\\Models\\Base\\User',1,'{\"old\": {\"icon\": null, \"name\": null, \"route\": null, \"status\": null, \"parent_id\": 1, \"seq_number\": null, \"description\": null}, \"attributes\": {\"icon\": \"cil-address-book\", \"name\": \"User\", \"route\": \"base/users\", \"status\": \"1\", \"parent_id\": 1, \"seq_number\": 2, \"description\": \"Manage users\"}}','2021-11-08 00:52:35','2021-11-08 00:52:35'),(43,'default','updated','App\\Models\\Base\\MenusTree',6,'App\\Models\\Base\\User',1,'{\"old\": {\"icon\": null, \"name\": null, \"route\": null, \"status\": null, \"parent_id\": 1, \"seq_number\": null, \"description\": null}, \"attributes\": {\"icon\": \"cil-address-book\", \"name\": \"Role\", \"route\": \"base/roles\", \"status\": \"1\", \"parent_id\": 1, \"seq_number\": 3, \"description\": \"Manage role\"}}','2021-11-08 00:52:35','2021-11-08 00:52:35'),(44,'default','updated','App\\Models\\Base\\MenusTree',7,'App\\Models\\Base\\User',1,'{\"old\": {\"icon\": null, \"name\": null, \"route\": null, \"status\": null, \"parent_id\": 1, \"seq_number\": null, \"description\": null}, \"attributes\": {\"icon\": \"cil-address-book\", \"name\": \"Permission\", \"route\": \"base/permissions\", \"status\": \"1\", \"parent_id\": 1, \"seq_number\": 1, \"description\": \"Manage users\"}}','2021-11-08 00:52:35','2021-11-08 00:52:35'),(45,'default','updated','App\\Models\\Base\\MenusTree',1,'App\\Models\\Base\\User',1,'{\"old\": {\"icon\": null, \"name\": null, \"route\": null, \"status\": null, \"parent_id\": null, \"seq_number\": null, \"description\": null}, \"attributes\": {\"icon\": \"cil-address-book\", \"name\": \"Master Data\", \"route\": null, \"status\": \"1\", \"parent_id\": null, \"seq_number\": 1, \"description\": \"Header menu master\"}}','2021-11-08 00:52:35','2021-11-08 00:52:35'),(46,'default','updated','App\\Models\\Base\\MenusTree',34,'App\\Models\\Base\\User',1,'{\"old\": {\"icon\": null, \"name\": null, \"route\": null, \"status\": null, \"parent_id\": 2, \"seq_number\": null, \"description\": null}, \"attributes\": {\"icon\": \"cil-diamond\", \"name\": \"Payment type\", \"route\": \"base/dmsArPaymenttypes\", \"status\": \"1\", \"parent_id\": 2, \"seq_number\": 2, \"description\": \"Payment type\"}}','2021-11-08 00:52:35','2021-11-08 00:52:35'),(47,'default','updated','App\\Models\\Base\\MenusTree',33,'App\\Models\\Base\\User',1,'{\"old\": {\"icon\": null, \"name\": null, \"route\": null, \"status\": null, \"parent_id\": 2, \"seq_number\": null, \"description\": null}, \"attributes\": {\"icon\": \"cil-money\", \"name\": \"Payment Term\", \"route\": \"base/dmsArPaymentterms\", \"status\": \"1\", \"parent_id\": 2, \"seq_number\": 3, \"description\": \"payment term\"}}','2021-11-08 00:52:35','2021-11-08 00:52:35'),(48,'default','updated','App\\Models\\Base\\MenusTree',28,'App\\Models\\Base\\User',1,'{\"old\": {\"icon\": null, \"name\": null, \"route\": null, \"status\": null, \"parent_id\": 2, \"seq_number\": null, \"description\": null}, \"attributes\": {\"icon\": \"cil-money\", \"name\": \"Journal Entry\", \"route\": \"accounting/accountMoves\", \"status\": \"1\", \"parent_id\": 2, \"seq_number\": 5, \"description\": \"jurnal entri manual\"}}','2021-11-08 00:52:35','2021-11-08 00:52:35'),(49,'default','updated','App\\Models\\Base\\MenusTree',27,'App\\Models\\Base\\User',1,'{\"old\": {\"icon\": null, \"name\": null, \"route\": null, \"status\": null, \"parent_id\": 2, \"seq_number\": null, \"description\": null}, \"attributes\": {\"icon\": \"cil-calendar-check\", \"name\": \"Invoice\", \"route\": \"accounting/accountInvoices\", \"status\": \"1\", \"parent_id\": 2, \"seq_number\": 4, \"description\": \"Invoice\"}}','2021-11-08 00:52:35','2021-11-08 00:52:35'),(50,'default','updated','App\\Models\\Base\\MenusTree',25,'App\\Models\\Base\\User',1,'{\"old\": {\"icon\": null, \"name\": null, \"route\": null, \"status\": null, \"parent_id\": 2, \"seq_number\": null, \"description\": null}, \"attributes\": {\"icon\": \"cil-book\", \"name\": \"Chart Of Account\", \"route\": \"accounting/dmsFinAccounts\", \"status\": \"1\", \"parent_id\": 2, \"seq_number\": 1, \"description\": \"Chart Of Account\"}}','2021-11-08 00:52:35','2021-11-08 00:52:35'),(51,'default','updated','App\\Models\\Base\\MenusTree',2,'App\\Models\\Base\\User',1,'{\"old\": {\"icon\": null, \"name\": null, \"route\": null, \"status\": null, \"parent_id\": null, \"seq_number\": null, \"description\": null}, \"attributes\": {\"icon\": \"cil-address-book\", \"name\": \"Accounting\", \"route\": null, \"status\": \"1\", \"parent_id\": null, \"seq_number\": 2, \"description\": \"Header menu accounting\"}}','2021-11-08 00:52:35','2021-11-08 00:52:35'),(52,'default','updated','App\\Models\\Base\\MenusTree',24,'App\\Models\\Base\\User',1,'{\"old\": {\"icon\": null, \"name\": null, \"route\": null, \"status\": null, \"parent_id\": 3, \"seq_number\": null, \"description\": null}, \"attributes\": {\"icon\": \"cil-data-transfer-up\", \"name\": \"BKB Synchronize\", \"route\": \"inventory/synchronizeOutStockPickings\", \"status\": \"1\", \"parent_id\": 3, \"seq_number\": 7, \"description\": \"BKB Synchronize\"}}','2021-11-08 00:52:35','2021-11-08 00:52:35'),(53,'default','updated','App\\Models\\Base\\MenusTree',23,'App\\Models\\Base\\User',1,'{\"old\": {\"icon\": null, \"name\": null, \"route\": null, \"status\": null, \"parent_id\": 3, \"seq_number\": null, \"description\": null}, \"attributes\": {\"icon\": \"cil-data-transfer-down\", \"name\": \"BTB Synchronize\", \"route\": \"inventory/synchronizeInStockPickings\", \"status\": \"1\", \"parent_id\": 3, \"seq_number\": 6, \"description\": \"Sinkronisasi BTB\"}}','2021-11-08 00:52:35','2021-11-08 00:52:35'),(54,'default','updated','App\\Models\\Base\\MenusTree',15,'App\\Models\\Base\\User',1,'{\"old\": {\"icon\": null, \"name\": null, \"route\": null, \"status\": null, \"parent_id\": 3, \"seq_number\": null, \"description\": null}, \"attributes\": {\"icon\": \"cil-library-building\", \"name\": \"Warehouse\", \"route\": \"inventory/dmsInvWarehouses\", \"status\": \"1\", \"parent_id\": 3, \"seq_number\": 1, \"description\": \"Data Warehouse\"}}','2021-11-08 00:52:35','2021-11-08 00:52:35'),(55,'default','updated','App\\Models\\Base\\MenusTree',3,'App\\Models\\Base\\User',1,'{\"old\": {\"icon\": null, \"name\": null, \"route\": null, \"status\": null, \"parent_id\": null, \"seq_number\": null, \"description\": null}, \"attributes\": {\"icon\": \"cil-address-book\", \"name\": \"Inventory\", \"route\": null, \"status\": \"1\", \"parent_id\": null, \"seq_number\": 3, \"description\": \"Header menu inventory\"}}','2021-11-08 00:52:35','2021-11-08 00:52:35'),(56,'default','updated','App\\Models\\Base\\Menus',15,'App\\Models\\Base\\User',1,'{\"old\": {\"icon\": \"cil-library-building\", \"name\": \"Warehouse\", \"route\": \"inventory/dmsInvWarehouses\", \"status\": \"1\", \"parent_id\": 3, \"seq_number\": 1, \"description\": \"Data Warehouse\"}, \"attributes\": {\"icon\": \"cil-library-building\", \"name\": \"Depo\", \"route\": \"base/dmsSmBranches\", \"status\": \"1\", \"parent_id\": 3, \"seq_number\": 1, \"description\": \"Data depo\"}}','2021-11-12 07:56:32','2021-11-12 07:56:32'),(57,'default','created','App\\Models\\Base\\Menus',39,'App\\Models\\Base\\User',1,'{\"attributes\": {\"icon\": \"cil-money\", \"name\": \"Master Harga\", \"route\": \"inventory/productPrices\", \"status\": \"1\", \"parent_id\": 3, \"seq_number\": 2, \"description\": \"Master harga\"}}','2021-11-12 07:57:38','2021-11-12 07:57:38'),(58,'default','updated','App\\Models\\Base\\MenusTree',39,'App\\Models\\Base\\User',1,'{\"old\": {\"icon\": null, \"name\": null, \"route\": null, \"status\": null, \"parent_id\": 3, \"seq_number\": null, \"description\": null}, \"attributes\": {\"icon\": \"cil-money\", \"name\": \"Master Harga\", \"route\": \"inventory/productPrices\", \"status\": \"1\", \"parent_id\": 3, \"seq_number\": 2, \"description\": \"Master harga\"}}','2021-11-12 07:57:38','2021-11-12 07:57:38'),(59,'default','updated','App\\Models\\Base\\MenusTree',24,'App\\Models\\Base\\User',1,'{\"old\": {\"icon\": null, \"name\": null, \"route\": null, \"status\": null, \"parent_id\": 3, \"seq_number\": null, \"description\": null}, \"attributes\": {\"icon\": \"cil-data-transfer-up\", \"name\": \"BKB Synchronize\", \"route\": \"inventory/synchronizeOutStockPickings\", \"status\": \"1\", \"parent_id\": 3, \"seq_number\": 7, \"description\": \"BKB Synchronize\"}}','2021-11-12 07:57:38','2021-11-12 07:57:38'),(60,'default','updated','App\\Models\\Base\\MenusTree',23,'App\\Models\\Base\\User',1,'{\"old\": {\"icon\": null, \"name\": null, \"route\": null, \"status\": null, \"parent_id\": 3, \"seq_number\": null, \"description\": null}, \"attributes\": {\"icon\": \"cil-data-transfer-down\", \"name\": \"BTB Synchronize\", \"route\": \"inventory/synchronizeInStockPickings\", \"status\": \"1\", \"parent_id\": 3, \"seq_number\": 6, \"description\": \"Sinkronisasi BTB\"}}','2021-11-12 07:57:38','2021-11-12 07:57:38'),(61,'default','updated','App\\Models\\Base\\MenusTree',15,'App\\Models\\Base\\User',1,'{\"old\": {\"icon\": null, \"name\": null, \"route\": null, \"status\": null, \"parent_id\": 3, \"seq_number\": null, \"description\": null}, \"attributes\": {\"icon\": \"cil-library-building\", \"name\": \"Depo\", \"route\": \"base/dmsSmBranches\", \"status\": \"1\", \"parent_id\": 3, \"seq_number\": 1, \"description\": \"Data depo\"}}','2021-11-12 07:57:38','2021-11-12 07:57:38'),(62,'default','updated','App\\Models\\Base\\MenusTree',3,'App\\Models\\Base\\User',1,'{\"old\": {\"icon\": null, \"name\": null, \"route\": null, \"status\": null, \"parent_id\": null, \"seq_number\": null, \"description\": null}, \"attributes\": {\"icon\": \"cil-address-book\", \"name\": \"Inventory\", \"route\": null, \"status\": \"1\", \"parent_id\": null, \"seq_number\": 3, \"description\": \"Header menu inventory\"}}','2021-11-12 07:57:38','2021-11-12 07:57:38'),(63,'default','created','App\\Models\\Base\\Menus',40,'App\\Models\\Base\\User',1,'{\"attributes\": {\"icon\": \"cil-object-ungroup\", \"name\": \"Kategori produk\", \"route\": \"inventory/productCategories\", \"status\": \"1\", \"parent_id\": 3, \"seq_number\": 3, \"description\": \"kategori produk\"}}','2021-11-12 07:58:52','2021-11-12 07:58:52'),(64,'default','updated','App\\Models\\Base\\MenusTree',40,'App\\Models\\Base\\User',1,'{\"old\": {\"icon\": null, \"name\": null, \"route\": null, \"status\": null, \"parent_id\": 3, \"seq_number\": null, \"description\": null}, \"attributes\": {\"icon\": \"cil-object-ungroup\", \"name\": \"Kategori produk\", \"route\": \"inventory/productCategories\", \"status\": \"1\", \"parent_id\": 3, \"seq_number\": 3, \"description\": \"kategori produk\"}}','2021-11-12 07:58:52','2021-11-12 07:58:52'),(65,'default','updated','App\\Models\\Base\\MenusTree',39,'App\\Models\\Base\\User',1,'{\"old\": {\"icon\": null, \"name\": null, \"route\": null, \"status\": null, \"parent_id\": 3, \"seq_number\": null, \"description\": null}, \"attributes\": {\"icon\": \"cil-money\", \"name\": \"Master Harga\", \"route\": \"inventory/productPrices\", \"status\": \"1\", \"parent_id\": 3, \"seq_number\": 2, \"description\": \"Master harga\"}}','2021-11-12 07:58:52','2021-11-12 07:58:52'),(66,'default','updated','App\\Models\\Base\\MenusTree',24,'App\\Models\\Base\\User',1,'{\"old\": {\"icon\": null, \"name\": null, \"route\": null, \"status\": null, \"parent_id\": 3, \"seq_number\": null, \"description\": null}, \"attributes\": {\"icon\": \"cil-data-transfer-up\", \"name\": \"BKB Synchronize\", \"route\": \"inventory/synchronizeOutStockPickings\", \"status\": \"1\", \"parent_id\": 3, \"seq_number\": 7, \"description\": \"BKB Synchronize\"}}','2021-11-12 07:58:52','2021-11-12 07:58:52'),(67,'default','updated','App\\Models\\Base\\MenusTree',23,'App\\Models\\Base\\User',1,'{\"old\": {\"icon\": null, \"name\": null, \"route\": null, \"status\": null, \"parent_id\": 3, \"seq_number\": null, \"description\": null}, \"attributes\": {\"icon\": \"cil-data-transfer-down\", \"name\": \"BTB Synchronize\", \"route\": \"inventory/synchronizeInStockPickings\", \"status\": \"1\", \"parent_id\": 3, \"seq_number\": 6, \"description\": \"Sinkronisasi BTB\"}}','2021-11-12 07:58:52','2021-11-12 07:58:52'),(68,'default','updated','App\\Models\\Base\\MenusTree',15,'App\\Models\\Base\\User',1,'{\"old\": {\"icon\": null, \"name\": null, \"route\": null, \"status\": null, \"parent_id\": 3, \"seq_number\": null, \"description\": null}, \"attributes\": {\"icon\": \"cil-library-building\", \"name\": \"Depo\", \"route\": \"base/dmsSmBranches\", \"status\": \"1\", \"parent_id\": 3, \"seq_number\": 1, \"description\": \"Data depo\"}}','2021-11-12 07:58:52','2021-11-12 07:58:52'),(69,'default','updated','App\\Models\\Base\\MenusTree',3,'App\\Models\\Base\\User',1,'{\"old\": {\"icon\": null, \"name\": null, \"route\": null, \"status\": null, \"parent_id\": null, \"seq_number\": null, \"description\": null}, \"attributes\": {\"icon\": \"cil-address-book\", \"name\": \"Inventory\", \"route\": null, \"status\": \"1\", \"parent_id\": null, \"seq_number\": 3, \"description\": \"Header menu inventory\"}}','2021-11-12 07:58:52','2021-11-12 07:58:52'),(70,'default','created','App\\Models\\Base\\Menus',41,'App\\Models\\Base\\User',1,'{\"attributes\": {\"icon\": \"cil-money\", \"name\": \"Jenis Potongan\", \"route\": \"inventory/masterDiscounts\", \"status\": \"1\", \"parent_id\": 3, \"seq_number\": 4, \"description\": \"discount\"}}','2021-11-12 08:02:48','2021-11-12 08:02:48'),(71,'default','updated','App\\Models\\Base\\MenusTree',41,'App\\Models\\Base\\User',1,'{\"old\": {\"icon\": null, \"name\": null, \"route\": null, \"status\": null, \"parent_id\": 3, \"seq_number\": null, \"description\": null}, \"attributes\": {\"icon\": \"cil-money\", \"name\": \"Jenis Potongan\", \"route\": \"inventory/masterDiscounts\", \"status\": \"1\", \"parent_id\": 3, \"seq_number\": 4, \"description\": \"discount\"}}','2021-11-12 08:02:48','2021-11-12 08:02:48'),(72,'default','updated','App\\Models\\Base\\MenusTree',40,'App\\Models\\Base\\User',1,'{\"old\": {\"icon\": null, \"name\": null, \"route\": null, \"status\": null, \"parent_id\": 3, \"seq_number\": null, \"description\": null}, \"attributes\": {\"icon\": \"cil-object-ungroup\", \"name\": \"Kategori produk\", \"route\": \"inventory/productCategories\", \"status\": \"1\", \"parent_id\": 3, \"seq_number\": 3, \"description\": \"kategori produk\"}}','2021-11-12 08:02:48','2021-11-12 08:02:48'),(73,'default','updated','App\\Models\\Base\\MenusTree',39,'App\\Models\\Base\\User',1,'{\"old\": {\"icon\": null, \"name\": null, \"route\": null, \"status\": null, \"parent_id\": 3, \"seq_number\": null, \"description\": null}, \"attributes\": {\"icon\": \"cil-money\", \"name\": \"Master Harga\", \"route\": \"inventory/productPrices\", \"status\": \"1\", \"parent_id\": 3, \"seq_number\": 2, \"description\": \"Master harga\"}}','2021-11-12 08:02:48','2021-11-12 08:02:48'),(74,'default','updated','App\\Models\\Base\\MenusTree',24,'App\\Models\\Base\\User',1,'{\"old\": {\"icon\": null, \"name\": null, \"route\": null, \"status\": null, \"parent_id\": 3, \"seq_number\": null, \"description\": null}, \"attributes\": {\"icon\": \"cil-data-transfer-up\", \"name\": \"BKB Synchronize\", \"route\": \"inventory/synchronizeOutStockPickings\", \"status\": \"1\", \"parent_id\": 3, \"seq_number\": 7, \"description\": \"BKB Synchronize\"}}','2021-11-12 08:02:48','2021-11-12 08:02:48'),(75,'default','updated','App\\Models\\Base\\MenusTree',23,'App\\Models\\Base\\User',1,'{\"old\": {\"icon\": null, \"name\": null, \"route\": null, \"status\": null, \"parent_id\": 3, \"seq_number\": null, \"description\": null}, \"attributes\": {\"icon\": \"cil-data-transfer-down\", \"name\": \"BTB Synchronize\", \"route\": \"inventory/synchronizeInStockPickings\", \"status\": \"1\", \"parent_id\": 3, \"seq_number\": 6, \"description\": \"Sinkronisasi BTB\"}}','2021-11-12 08:02:48','2021-11-12 08:02:48'),(76,'default','updated','App\\Models\\Base\\MenusTree',15,'App\\Models\\Base\\User',1,'{\"old\": {\"icon\": null, \"name\": null, \"route\": null, \"status\": null, \"parent_id\": 3, \"seq_number\": null, \"description\": null}, \"attributes\": {\"icon\": \"cil-library-building\", \"name\": \"Depo\", \"route\": \"base/dmsSmBranches\", \"status\": \"1\", \"parent_id\": 3, \"seq_number\": 1, \"description\": \"Data depo\"}}','2021-11-12 08:02:48','2021-11-12 08:02:48'),(77,'default','updated','App\\Models\\Base\\MenusTree',3,'App\\Models\\Base\\User',1,'{\"old\": {\"icon\": null, \"name\": null, \"route\": null, \"status\": null, \"parent_id\": null, \"seq_number\": null, \"description\": null}, \"attributes\": {\"icon\": \"cil-address-book\", \"name\": \"Inventory\", \"route\": null, \"status\": \"1\", \"parent_id\": null, \"seq_number\": 3, \"description\": \"Header menu inventory\"}}','2021-11-12 08:02:48','2021-11-12 08:02:48'),(78,'default','created','App\\Models\\Inventory\\ProductCategories',1,'App\\Models\\Base\\User',2,'{\"attributes\": {\"name\": \"GLN LASAH\", \"description\": \"Galon\"}}','2021-11-12 08:07:21','2021-11-12 08:07:21'),(79,'default','created','App\\Models\\Inventory\\ProductCategoriesProduct',1,'App\\Models\\Base\\User',2,'{\"attributes\": {\"status\": true, \"product_id\": 99, \"product_categories_id\": 1}}','2021-11-12 08:09:02','2021-11-12 08:09:02'),(80,'default','created','App\\Models\\Inventory\\ProductCategoriesProduct',2,'App\\Models\\Base\\User',2,'{\"attributes\": {\"status\": true, \"product_id\": 863, \"product_categories_id\": 1}}','2021-11-12 08:20:56','2021-11-12 08:20:56'),(81,'default','created','App\\Models\\Inventory\\ProductCategoriesProduct',3,'App\\Models\\Base\\User',2,'{\"attributes\": {\"status\": true, \"product_id\": 8, \"product_categories_id\": 1}}','2021-11-12 08:41:20','2021-11-12 08:41:20'),(82,'default','updated','App\\Models\\Base\\Trip',2,'App\\Models\\Base\\User',2,'{\"old\": {\"code\": \"SBY - JMB\", \"name\": \"Surabaya Jember\", \"price\": \"10.500,00\", \"origin\": 2, \"distance\": \"205,00\", \"description\": \"internal\", \"destination\": 1, \"origin_place\": \"Depo manukan\", \"destination_place\": \"Depo jember\", \"product_categories_id\": null, \"origin_additional_price\": \"0,00\", \"destination_additional_price\": \"20,00\"}, \"attributes\": {\"code\": \"SBY - JMB\", \"name\": \"Surabaya Jember\", \"price\": \"10.500,00\", \"origin\": 2, \"distance\": \"205,00\", \"description\": \"internal\", \"destination\": 1, \"origin_place\": \"Depo manukan\", \"destination_place\": \"Depo jember\", \"product_categories_id\": 1, \"origin_additional_price\": \"0,00\", \"destination_additional_price\": \"20,00\"}}','2021-11-12 08:42:20','2021-11-12 08:42:20'),(83,'default','created','App\\Models\\Inventory\\TripEkspedisi',1,'App\\Models\\Base\\User',2,'{\"attributes\": {\"trip_id\": 2, \"dms_inv_carrier_id\": 12}}','2021-11-12 08:47:15','2021-11-12 08:47:15'),(84,'default','created','App\\Models\\Inventory\\ProductPrice',1,'App\\Models\\Base\\User',2,'{\"attributes\": {\"price\": \"0,00\", \"start_date\": \"2021-11-11T17:00:00.000000Z\", \"dms_inv_product_id\": 99}}','2021-11-12 08:53:19','2021-11-12 08:53:19'),(85,'default','updated','App\\Models\\Inventory\\ProductPrice',1,'App\\Models\\Base\\User',2,'{\"old\": {\"price\": \"0,00\", \"start_date\": \"2021-11-11T17:00:00.000000Z\", \"dms_inv_product_id\": 99}, \"attributes\": {\"price\": \"20.000,00\", \"start_date\": \"2021-11-11T17:00:00.000000Z\", \"dms_inv_product_id\": 99}}','2021-11-12 08:53:19','2021-11-12 08:53:19'),(86,'default','created','App\\Models\\Inventory\\ProductPriceLog',1,'App\\Models\\Base\\User',2,'{\"attributes\": {\"price\": \"20.000,00\", \"end_date\": null, \"start_date\": \"2021-11-11T17:00:00.000000Z\", \"dms_inv_product_id\": 99}}','2021-11-12 08:53:19','2021-11-12 08:53:19'),(87,'default','created','App\\Models\\Base\\Trip',3,'App\\Models\\Base\\User',2,'{\"attributes\": {\"code\": \"PDN-JBR01\", \"name\": \"TIV-Pandaan Plan\", \"price\": \"1.050.000,00\", \"origin\": 2, \"distance\": \"250,00\", \"description\": \"Trial 12 Nov 2021\", \"destination\": 1, \"origin_place\": \"Plant Pandaan\", \"destination_place\": \"Depo Jember 01\", \"product_categories_id\": 1, \"origin_additional_price\": \"0,00\", \"destination_additional_price\": \"0,00\"}}','2021-11-12 09:23:39','2021-11-12 09:23:39'),(88,'default','created','App\\Models\\Base\\Menus',42,'App\\Models\\Base\\User',1,'{\"attributes\": {\"icon\": \"cil-map\", \"name\": \"Lokasi\", \"route\": \"base/locations\", \"status\": \"1\", \"parent_id\": 1, \"seq_number\": 14, \"description\": \"master lokasi\"}}','2021-11-13 22:09:15','2021-11-13 22:09:15'),(89,'default','updated','App\\Models\\Base\\MenusTree',42,'App\\Models\\Base\\User',1,'{\"old\": {\"icon\": null, \"name\": null, \"route\": null, \"status\": null, \"parent_id\": 1, \"seq_number\": null, \"description\": null}, \"attributes\": {\"icon\": \"cil-map\", \"name\": \"Lokasi\", \"route\": \"base/locations\", \"status\": \"1\", \"parent_id\": 1, \"seq_number\": 14, \"description\": \"master lokasi\"}}','2021-11-13 22:09:15','2021-11-13 22:09:15'),(90,'default','updated','App\\Models\\Base\\MenusTree',35,'App\\Models\\Base\\User',1,'{\"old\": {\"icon\": null, \"name\": null, \"route\": null, \"status\": null, \"parent_id\": 1, \"seq_number\": null, \"description\": null}, \"attributes\": {\"icon\": \"cil-address-book\", \"name\": \"Customer\", \"route\": \"base/dmsArCustomers\", \"status\": \"1\", \"parent_id\": 1, \"seq_number\": 9, \"description\": \"Master Customer\"}}','2021-11-13 22:09:15','2021-11-13 22:09:15'),(91,'default','updated','App\\Models\\Base\\MenusTree',32,'App\\Models\\Base\\User',1,'{\"old\": {\"icon\": null, \"name\": null, \"route\": null, \"status\": null, \"parent_id\": 1, \"seq_number\": null, \"description\": null}, \"attributes\": {\"icon\": \"cil-truck\", \"name\": \"Vehicle\", \"route\": \"inventory/dmsInvVehicles\", \"status\": \"1\", \"parent_id\": 1, \"seq_number\": 6, \"description\": \"Manage Vehicle\"}}','2021-11-13 22:09:15','2021-11-13 22:09:15'),(92,'default','updated','App\\Models\\Base\\MenusTree',18,'App\\Models\\Base\\User',1,'{\"old\": {\"icon\": null, \"name\": null, \"route\": null, \"status\": null, \"parent_id\": 1, \"seq_number\": null, \"description\": null}, \"attributes\": {\"icon\": \"cil-command\", \"name\": \"Product\", \"route\": \"inventory/dmsInvProducts\", \"status\": \"1\", \"parent_id\": 1, \"seq_number\": 12, \"description\": \"Product\"}}','2021-11-13 22:09:16','2021-11-13 22:09:16'),(93,'default','updated','App\\Models\\Base\\MenusTree',17,'App\\Models\\Base\\User',1,'{\"old\": {\"icon\": null, \"name\": null, \"route\": null, \"status\": null, \"parent_id\": 1, \"seq_number\": null, \"description\": null}, \"attributes\": {\"icon\": \"cil-3d\", \"name\": \"UOM\", \"route\": \"inventory/dmsInvUoms\", \"status\": \"1\", \"parent_id\": 1, \"seq_number\": 11, \"description\": \"Unit of measure\"}}','2021-11-13 22:09:16','2021-11-13 22:09:16'),(94,'default','updated','App\\Models\\Base\\MenusTree',16,'App\\Models\\Base\\User',1,'{\"old\": {\"icon\": null, \"name\": null, \"route\": null, \"status\": null, \"parent_id\": 1, \"seq_number\": null, \"description\": null}, \"attributes\": {\"icon\": \"cil-truck\", \"name\": \"Ekspedisi\", \"route\": \"inventory/dmsInvCarriers\", \"status\": \"1\", \"parent_id\": 1, \"seq_number\": 8, \"description\": \"Master Ekspedisi\"}}','2021-11-13 22:09:16','2021-11-13 22:09:16'),(95,'default','updated','App\\Models\\Base\\MenusTree',14,'App\\Models\\Base\\User',1,'{\"old\": {\"icon\": null, \"name\": null, \"route\": null, \"status\": null, \"parent_id\": 1, \"seq_number\": null, \"description\": null}, \"attributes\": {\"icon\": \"cil-building\", \"name\": \"Company\", \"route\": \"base/entities\", \"status\": \"1\", \"parent_id\": 1, \"seq_number\": 1, \"description\": \"Master perusahaan\"}}','2021-11-13 22:09:16','2021-11-13 22:09:16'),(96,'default','updated','App\\Models\\Base\\MenusTree',11,'App\\Models\\Base\\User',1,'{\"old\": {\"icon\": null, \"name\": null, \"route\": null, \"status\": null, \"parent_id\": 1, \"seq_number\": null, \"description\": null}, \"attributes\": {\"icon\": \"cil-cart\", \"name\": \"Supplier\", \"route\": \"base/dmsApSuppliers\", \"status\": \"1\", \"parent_id\": 1, \"seq_number\": 9, \"description\": \"Manage supplier\"}}','2021-11-13 22:09:17','2021-11-13 22:09:17'),(97,'default','updated','App\\Models\\Base\\MenusTree',10,'App\\Models\\Base\\User',1,'{\"old\": {\"icon\": null, \"name\": null, \"route\": null, \"status\": null, \"parent_id\": 1, \"seq_number\": null, \"description\": null}, \"attributes\": {\"icon\": \"cil-transfer\", \"name\": \"Trip\", \"route\": \"base/trips\", \"status\": \"1\", \"parent_id\": 1, \"seq_number\": 13, \"description\": \"manage trip\"}}','2021-11-13 22:09:17','2021-11-13 22:09:17'),(98,'default','updated','App\\Models\\Base\\MenusTree',9,'App\\Models\\Base\\User',1,'{\"old\": {\"icon\": null, \"name\": null, \"route\": null, \"status\": null, \"parent_id\": 1, \"seq_number\": null, \"description\": null}, \"attributes\": {\"icon\": \"cil-building\", \"name\": \"City\", \"route\": \"base/cities\", \"status\": \"1\", \"parent_id\": 1, \"seq_number\": 12, \"description\": \"Manage city\"}}','2021-11-13 22:09:17','2021-11-13 22:09:17'),(99,'default','updated','App\\Models\\Base\\MenusTree',8,'App\\Models\\Base\\User',1,'{\"old\": {\"icon\": null, \"name\": null, \"route\": null, \"status\": null, \"parent_id\": 1, \"seq_number\": null, \"description\": null}, \"attributes\": {\"icon\": \"cil-truck\", \"name\": \"Vehicle Group\", \"route\": \"inventory/dmsInvVehicletypes\", \"status\": \"1\", \"parent_id\": 1, \"seq_number\": 5, \"description\": \"Manage vehicle group\"}}','2021-11-13 22:09:18','2021-11-13 22:09:18'),(100,'default','updated','App\\Models\\Base\\MenusTree',4,'App\\Models\\Base\\User',1,'{\"old\": {\"icon\": null, \"name\": null, \"route\": null, \"status\": null, \"parent_id\": 1, \"seq_number\": null, \"description\": null}, \"attributes\": {\"icon\": \"cil-address-book\", \"name\": \"Menu\", \"route\": \"base/menus\", \"status\": \"1\", \"parent_id\": 1, \"seq_number\": 1, \"description\": \"Manage menu\"}}','2021-11-13 22:09:18','2021-11-13 22:09:18'),(101,'default','updated','App\\Models\\Base\\MenusTree',5,'App\\Models\\Base\\User',1,'{\"old\": {\"icon\": null, \"name\": null, \"route\": null, \"status\": null, \"parent_id\": 1, \"seq_number\": null, \"description\": null}, \"attributes\": {\"icon\": \"cil-address-book\", \"name\": \"User\", \"route\": \"base/users\", \"status\": \"1\", \"parent_id\": 1, \"seq_number\": 2, \"description\": \"Manage users\"}}','2021-11-13 22:09:18','2021-11-13 22:09:18'),(102,'default','updated','App\\Models\\Base\\MenusTree',6,'App\\Models\\Base\\User',1,'{\"old\": {\"icon\": null, \"name\": null, \"route\": null, \"status\": null, \"parent_id\": 1, \"seq_number\": null, \"description\": null}, \"attributes\": {\"icon\": \"cil-address-book\", \"name\": \"Role\", \"route\": \"base/roles\", \"status\": \"1\", \"parent_id\": 1, \"seq_number\": 3, \"description\": \"Manage role\"}}','2021-11-13 22:09:19','2021-11-13 22:09:19'),(103,'default','updated','App\\Models\\Base\\MenusTree',7,'App\\Models\\Base\\User',1,'{\"old\": {\"icon\": null, \"name\": null, \"route\": null, \"status\": null, \"parent_id\": 1, \"seq_number\": null, \"description\": null}, \"attributes\": {\"icon\": \"cil-address-book\", \"name\": \"Permission\", \"route\": \"base/permissions\", \"status\": \"1\", \"parent_id\": 1, \"seq_number\": 1, \"description\": \"Manage users\"}}','2021-11-13 22:09:19','2021-11-13 22:09:19'),(104,'default','updated','App\\Models\\Base\\MenusTree',1,'App\\Models\\Base\\User',1,'{\"old\": {\"icon\": null, \"name\": null, \"route\": null, \"status\": null, \"parent_id\": null, \"seq_number\": null, \"description\": null}, \"attributes\": {\"icon\": \"cil-address-book\", \"name\": \"Master Data\", \"route\": null, \"status\": \"1\", \"parent_id\": null, \"seq_number\": 1, \"description\": \"Header menu master\"}}','2021-11-13 22:09:19','2021-11-13 22:09:19'),(105,'default','updated','App\\Models\\Base\\MenusTree',34,'App\\Models\\Base\\User',1,'{\"old\": {\"icon\": null, \"name\": null, \"route\": null, \"status\": null, \"parent_id\": 2, \"seq_number\": null, \"description\": null}, \"attributes\": {\"icon\": \"cil-diamond\", \"name\": \"Payment type\", \"route\": \"base/dmsArPaymenttypes\", \"status\": \"1\", \"parent_id\": 2, \"seq_number\": 2, \"description\": \"Payment type\"}}','2021-11-13 22:09:20','2021-11-13 22:09:20'),(106,'default','updated','App\\Models\\Base\\MenusTree',33,'App\\Models\\Base\\User',1,'{\"old\": {\"icon\": null, \"name\": null, \"route\": null, \"status\": null, \"parent_id\": 2, \"seq_number\": null, \"description\": null}, \"attributes\": {\"icon\": \"cil-money\", \"name\": \"Payment Term\", \"route\": \"base/dmsArPaymentterms\", \"status\": \"1\", \"parent_id\": 2, \"seq_number\": 3, \"description\": \"payment term\"}}','2021-11-13 22:09:20','2021-11-13 22:09:20'),(107,'default','updated','App\\Models\\Base\\MenusTree',28,'App\\Models\\Base\\User',1,'{\"old\": {\"icon\": null, \"name\": null, \"route\": null, \"status\": null, \"parent_id\": 2, \"seq_number\": null, \"description\": null}, \"attributes\": {\"icon\": \"cil-money\", \"name\": \"Journal Entry\", \"route\": \"accounting/accountMoves\", \"status\": \"1\", \"parent_id\": 2, \"seq_number\": 5, \"description\": \"jurnal entri manual\"}}','2021-11-13 22:09:20','2021-11-13 22:09:20'),(108,'default','updated','App\\Models\\Base\\MenusTree',27,'App\\Models\\Base\\User',1,'{\"old\": {\"icon\": null, \"name\": null, \"route\": null, \"status\": null, \"parent_id\": 2, \"seq_number\": null, \"description\": null}, \"attributes\": {\"icon\": \"cil-calendar-check\", \"name\": \"Invoice\", \"route\": \"accounting/accountInvoices\", \"status\": \"1\", \"parent_id\": 2, \"seq_number\": 4, \"description\": \"Invoice\"}}','2021-11-13 22:09:20','2021-11-13 22:09:20'),(109,'default','updated','App\\Models\\Base\\MenusTree',25,'App\\Models\\Base\\User',1,'{\"old\": {\"icon\": null, \"name\": null, \"route\": null, \"status\": null, \"parent_id\": 2, \"seq_number\": null, \"description\": null}, \"attributes\": {\"icon\": \"cil-book\", \"name\": \"Chart Of Account\", \"route\": \"accounting/dmsFinAccounts\", \"status\": \"1\", \"parent_id\": 2, \"seq_number\": 1, \"description\": \"Chart Of Account\"}}','2021-11-13 22:09:21','2021-11-13 22:09:21'),(110,'default','updated','App\\Models\\Base\\MenusTree',2,'App\\Models\\Base\\User',1,'{\"old\": {\"icon\": null, \"name\": null, \"route\": null, \"status\": null, \"parent_id\": null, \"seq_number\": null, \"description\": null}, \"attributes\": {\"icon\": \"cil-address-book\", \"name\": \"Accounting\", \"route\": null, \"status\": \"1\", \"parent_id\": null, \"seq_number\": 2, \"description\": \"Header menu accounting\"}}','2021-11-13 22:09:21','2021-11-13 22:09:21'),(111,'default','updated','App\\Models\\Base\\MenusTree',41,'App\\Models\\Base\\User',1,'{\"old\": {\"icon\": null, \"name\": null, \"route\": null, \"status\": null, \"parent_id\": 3, \"seq_number\": null, \"description\": null}, \"attributes\": {\"icon\": \"cil-money\", \"name\": \"Jenis Potongan\", \"route\": \"inventory/masterDiscounts\", \"status\": \"1\", \"parent_id\": 3, \"seq_number\": 4, \"description\": \"discount\"}}','2021-11-13 22:09:21','2021-11-13 22:09:21'),(112,'default','updated','App\\Models\\Base\\MenusTree',40,'App\\Models\\Base\\User',1,'{\"old\": {\"icon\": null, \"name\": null, \"route\": null, \"status\": null, \"parent_id\": 3, \"seq_number\": null, \"description\": null}, \"attributes\": {\"icon\": \"cil-object-ungroup\", \"name\": \"Kategori produk\", \"route\": \"inventory/productCategories\", \"status\": \"1\", \"parent_id\": 3, \"seq_number\": 3, \"description\": \"kategori produk\"}}','2021-11-13 22:09:21','2021-11-13 22:09:21'),(113,'default','updated','App\\Models\\Base\\MenusTree',39,'App\\Models\\Base\\User',1,'{\"old\": {\"icon\": null, \"name\": null, \"route\": null, \"status\": null, \"parent_id\": 3, \"seq_number\": null, \"description\": null}, \"attributes\": {\"icon\": \"cil-money\", \"name\": \"Master Harga\", \"route\": \"inventory/productPrices\", \"status\": \"1\", \"parent_id\": 3, \"seq_number\": 2, \"description\": \"Master harga\"}}','2021-11-13 22:09:22','2021-11-13 22:09:22'),(114,'default','updated','App\\Models\\Base\\MenusTree',24,'App\\Models\\Base\\User',1,'{\"old\": {\"icon\": null, \"name\": null, \"route\": null, \"status\": null, \"parent_id\": 3, \"seq_number\": null, \"description\": null}, \"attributes\": {\"icon\": \"cil-data-transfer-up\", \"name\": \"BKB Synchronize\", \"route\": \"inventory/synchronizeOutStockPickings\", \"status\": \"1\", \"parent_id\": 3, \"seq_number\": 7, \"description\": \"BKB Synchronize\"}}','2021-11-13 22:09:22','2021-11-13 22:09:22'),(115,'default','updated','App\\Models\\Base\\MenusTree',23,'App\\Models\\Base\\User',1,'{\"old\": {\"icon\": null, \"name\": null, \"route\": null, \"status\": null, \"parent_id\": 3, \"seq_number\": null, \"description\": null}, \"attributes\": {\"icon\": \"cil-data-transfer-down\", \"name\": \"BTB Synchronize\", \"route\": \"inventory/synchronizeInStockPickings\", \"status\": \"1\", \"parent_id\": 3, \"seq_number\": 6, \"description\": \"Sinkronisasi BTB\"}}','2021-11-13 22:09:22','2021-11-13 22:09:22'),(116,'default','updated','App\\Models\\Base\\MenusTree',15,'App\\Models\\Base\\User',1,'{\"old\": {\"icon\": null, \"name\": null, \"route\": null, \"status\": null, \"parent_id\": 3, \"seq_number\": null, \"description\": null}, \"attributes\": {\"icon\": \"cil-library-building\", \"name\": \"Depo\", \"route\": \"base/dmsSmBranches\", \"status\": \"1\", \"parent_id\": 3, \"seq_number\": 1, \"description\": \"Data depo\"}}','2021-11-13 22:09:22','2021-11-13 22:09:22'),(117,'default','updated','App\\Models\\Base\\MenusTree',3,'App\\Models\\Base\\User',1,'{\"old\": {\"icon\": null, \"name\": null, \"route\": null, \"status\": null, \"parent_id\": null, \"seq_number\": null, \"description\": null}, \"attributes\": {\"icon\": \"cil-address-book\", \"name\": \"Inventory\", \"route\": null, \"status\": \"1\", \"parent_id\": null, \"seq_number\": 3, \"description\": \"Header menu inventory\"}}','2021-11-13 22:09:23','2021-11-13 22:09:23'),(118,'default','created','App\\Models\\Inventory\\ProductCategories',2,'App\\Models\\Base\\User',2,'{\"attributes\": {\"name\": \"GLN JUGRACK\", \"description\": \"galon jugrack\"}}','2021-11-14 04:41:25','2021-11-14 04:41:25'),(119,'default','created','App\\Models\\Inventory\\ProductCategories',3,'App\\Models\\Base\\User',2,'{\"attributes\": {\"name\": \"SPS\", \"description\": \"sps\"}}','2021-11-14 04:41:42','2021-11-14 04:41:42'),(120,'default','created','App\\Models\\Inventory\\ProductCategories',4,'App\\Models\\Base\\User',2,'{\"attributes\": {\"name\": \"Non Galon\", \"description\": \"non galon\"}}','2021-11-14 04:42:01','2021-11-14 04:42:01'),(121,'default','created','App\\Models\\Base\\City',3,'App\\Models\\Base\\User',2,'{\"attributes\": {\"name\": \"Bangkalan\", \"province\": \"Jawa Timur\"}}','2021-11-19 11:11:48','2021-11-19 11:11:48'),(122,'default','created','App\\Models\\Base\\City',4,'App\\Models\\Base\\User',2,'{\"attributes\": {\"name\": \"Banyuwangi\", \"province\": \"Jawa Timur\"}}','2021-11-19 11:12:15','2021-11-19 11:12:15'),(123,'default','created','App\\Models\\Base\\City',5,'App\\Models\\Base\\User',2,'{\"attributes\": {\"name\": \"Blitar\", \"province\": \"Jawa Timur\"}}','2021-11-19 11:12:26','2021-11-19 11:12:26'),(124,'default','created','App\\Models\\Base\\City',6,'App\\Models\\Base\\User',2,'{\"attributes\": {\"name\": \"Bojonegoro\", \"province\": \"Jawa Timur\"}}','2021-11-19 11:12:39','2021-11-19 11:12:39'),(125,'default','created','App\\Models\\Base\\City',7,'App\\Models\\Base\\User',2,'{\"attributes\": {\"name\": \"Bondowoso\", \"province\": \"Jawa Timur\"}}','2021-11-19 11:12:52','2021-11-19 11:12:52'),(126,'default','created','App\\Models\\Base\\City',8,'App\\Models\\Base\\User',2,'{\"attributes\": {\"name\": \"Jombang\", \"province\": \"Jawa Timur\"}}','2021-11-19 11:13:12','2021-11-19 11:13:12'),(127,'default','created','App\\Models\\Base\\City',9,'App\\Models\\Base\\User',2,'{\"attributes\": {\"name\": \"Kediri\", \"province\": \"Jawa Timur\"}}','2021-11-19 11:13:23','2021-11-19 11:13:23'),(128,'default','created','App\\Models\\Base\\City',10,'App\\Models\\Base\\User',2,'{\"attributes\": {\"name\": \"Lamongan\", \"province\": \"Jawa Timur\"}}','2021-11-19 11:13:59','2021-11-19 11:13:59'),(129,'default','created','App\\Models\\Base\\City',11,'App\\Models\\Base\\User',2,'{\"attributes\": {\"name\": \"Lumajang\", \"province\": \"Jawa Timur\"}}','2021-11-19 11:14:08','2021-11-19 11:14:08'),(130,'default','created','App\\Models\\Base\\City',12,'App\\Models\\Base\\User',2,'{\"attributes\": {\"name\": \"Madiun\", \"province\": \"Jawa Timur\"}}','2021-11-19 11:14:22','2021-11-19 11:14:22'),(131,'default','created','App\\Models\\Base\\City',13,'App\\Models\\Base\\User',2,'{\"attributes\": {\"name\": \"Magetan\", \"province\": \"Jawa Timur\"}}','2021-11-19 11:14:35','2021-11-19 11:14:35'),(132,'default','created','App\\Models\\Base\\City',14,'App\\Models\\Base\\User',2,'{\"attributes\": {\"name\": \"Malang\", \"province\": \"Jawa Timur\"}}','2021-11-19 11:14:43','2021-11-19 11:14:43'),(133,'default','created','App\\Models\\Base\\City',15,'App\\Models\\Base\\User',2,'{\"attributes\": {\"name\": \"Mojokerto\", \"province\": \"Jawa Timur\"}}','2021-11-19 11:14:55','2021-11-19 11:14:55'),(134,'default','created','App\\Models\\Base\\City',16,'App\\Models\\Base\\User',2,'{\"attributes\": {\"name\": \"Nganjuk\", \"province\": \"Jawa Timur\"}}','2021-11-19 11:15:07','2021-11-19 11:15:07'),(135,'default','created','App\\Models\\Base\\City',17,'App\\Models\\Base\\User',2,'{\"attributes\": {\"name\": \"Ngawi\", \"province\": \"Jawa Timur\"}}','2021-11-19 11:15:15','2021-11-19 11:15:15'),(136,'default','created','App\\Models\\Base\\City',18,'App\\Models\\Base\\User',2,'{\"attributes\": {\"name\": \"Pacitan\", \"province\": \"Jawa Timur\"}}','2021-11-19 11:15:28','2021-11-19 11:15:28'),(137,'default','created','App\\Models\\Base\\City',19,'App\\Models\\Base\\User',2,'{\"attributes\": {\"name\": \"Pamekasan\", \"province\": \"Jawa Timur\"}}','2021-11-19 11:15:38','2021-11-19 11:15:38'),(138,'default','created','App\\Models\\Base\\City',20,'App\\Models\\Base\\User',2,'{\"attributes\": {\"name\": \"Ponorogo\", \"province\": \"Jawa Timur\"}}','2021-11-19 11:16:07','2021-11-19 11:16:07'),(139,'default','created','App\\Models\\Base\\City',21,'App\\Models\\Base\\User',2,'{\"attributes\": {\"name\": \"Probolinggo\", \"province\": \"Jawa Timur\"}}','2021-11-19 11:16:41','2021-11-19 11:16:41'),(140,'default','created','App\\Models\\Base\\City',22,'App\\Models\\Base\\User',2,'{\"attributes\": {\"name\": \"Sampang\", \"province\": \"Jawa Timur\"}}','2021-11-19 11:16:56','2021-11-19 11:16:56'),(141,'default','created','App\\Models\\Base\\City',23,'App\\Models\\Base\\User',2,'{\"attributes\": {\"name\": \"Sidoarjo\", \"province\": \"Jawa Timur\"}}','2021-11-19 11:17:27','2021-11-19 11:17:27'),(142,'default','created','App\\Models\\Base\\City',24,'App\\Models\\Base\\User',2,'{\"attributes\": {\"name\": \"Situbondo\", \"province\": \"Jawa Timur\"}}','2021-11-19 11:17:41','2021-11-19 11:17:41'),(143,'default','created','App\\Models\\Base\\City',25,'App\\Models\\Base\\User',2,'{\"attributes\": {\"name\": \"Sumenep\", \"province\": \"Jawa Timur\"}}','2021-11-19 11:17:56','2021-11-19 11:17:56'),(144,'default','created','App\\Models\\Base\\City',26,'App\\Models\\Base\\User',2,'{\"attributes\": {\"name\": \"Trenggalek\", \"province\": \"Jawa Timur\"}}','2021-11-19 11:18:10','2021-11-19 11:18:10'),(145,'default','created','App\\Models\\Base\\City',27,'App\\Models\\Base\\User',2,'{\"attributes\": {\"name\": \"Tuban\", \"province\": \"Jawa Timur\"}}','2021-11-19 11:18:18','2021-11-19 11:18:18'),(146,'default','created','App\\Models\\Base\\City',28,'App\\Models\\Base\\User',2,'{\"attributes\": {\"name\": \"Tulunggagung\", \"province\": \"Jawa Timur\"}}','2021-11-19 11:18:33','2021-11-19 11:18:33'),(147,'default','created','App\\Models\\Base\\City',29,'App\\Models\\Base\\User',2,'{\"attributes\": {\"name\": \"Batu\", \"province\": \"Jawa Timur\"}}','2021-11-19 11:18:54','2021-11-19 11:18:54'),(148,'default','created','App\\Models\\Base\\City',30,'App\\Models\\Base\\User',2,'{\"attributes\": {\"name\": \"Pasuruan\", \"province\": \"Jawa Timur\"}}','2021-11-19 11:19:29','2021-11-19 11:19:29'),(149,'default','created','App\\Models\\Base\\Menus',43,'App\\Models\\Base\\User',1,'{\"attributes\": {\"icon\": \"cil-inbox\", \"name\": \"BTB Validate\", \"route\": \"purchase/btbValidates\", \"status\": \"1\", \"parent_id\": 12, \"seq_number\": 1, \"description\": \"BTB Validate\"}}','2021-11-27 22:56:25','2021-11-27 22:56:25'),(150,'default','updated','App\\Models\\Base\\MenusTree',43,'App\\Models\\Base\\User',1,'{\"old\": {\"icon\": null, \"name\": null, \"route\": null, \"status\": null, \"parent_id\": 12, \"seq_number\": null, \"description\": null}, \"attributes\": {\"icon\": \"cil-inbox\", \"name\": \"BTB Validate\", \"route\": \"purchase/btbValidates\", \"status\": \"1\", \"parent_id\": 12, \"seq_number\": 1, \"description\": \"BTB Validate\"}}','2021-11-27 22:56:25','2021-11-27 22:56:25'),(151,'default','updated','App\\Models\\Base\\MenusTree',12,'App\\Models\\Base\\User',1,'{\"old\": {\"icon\": null, \"name\": null, \"route\": null, \"status\": null, \"parent_id\": null, \"seq_number\": null, \"description\": null}, \"attributes\": {\"icon\": \"cil-baby-carriage\", \"name\": \"Purchase\", \"route\": null, \"status\": \"1\", \"parent_id\": null, \"seq_number\": 4, \"description\": \"purchasing\"}}','2021-11-27 22:56:25','2021-11-27 22:56:25'),(152,'default','updated','App\\Models\\Base\\MenusTree',42,'App\\Models\\Base\\User',1,'{\"old\": {\"icon\": null, \"name\": null, \"route\": null, \"status\": null, \"parent_id\": 1, \"seq_number\": null, \"description\": null}, \"attributes\": {\"icon\": \"cil-map\", \"name\": \"Lokasi\", \"route\": \"base/locations\", \"status\": \"1\", \"parent_id\": 1, \"seq_number\": 14, \"description\": \"master lokasi\"}}','2021-11-27 22:56:25','2021-11-27 22:56:25'),(153,'default','updated','App\\Models\\Base\\MenusTree',35,'App\\Models\\Base\\User',1,'{\"old\": {\"icon\": null, \"name\": null, \"route\": null, \"status\": null, \"parent_id\": 1, \"seq_number\": null, \"description\": null}, \"attributes\": {\"icon\": \"cil-address-book\", \"name\": \"Customer\", \"route\": \"base/dmsArCustomers\", \"status\": \"1\", \"parent_id\": 1, \"seq_number\": 9, \"description\": \"Master Customer\"}}','2021-11-27 22:56:25','2021-11-27 22:56:25'),(154,'default','updated','App\\Models\\Base\\MenusTree',32,'App\\Models\\Base\\User',1,'{\"old\": {\"icon\": null, \"name\": null, \"route\": null, \"status\": null, \"parent_id\": 1, \"seq_number\": null, \"description\": null}, \"attributes\": {\"icon\": \"cil-truck\", \"name\": \"Vehicle\", \"route\": \"inventory/dmsInvVehicles\", \"status\": \"1\", \"parent_id\": 1, \"seq_number\": 6, \"description\": \"Manage Vehicle\"}}','2021-11-27 22:56:25','2021-11-27 22:56:25'),(155,'default','updated','App\\Models\\Base\\MenusTree',18,'App\\Models\\Base\\User',1,'{\"old\": {\"icon\": null, \"name\": null, \"route\": null, \"status\": null, \"parent_id\": 1, \"seq_number\": null, \"description\": null}, \"attributes\": {\"icon\": \"cil-command\", \"name\": \"Product\", \"route\": \"inventory/dmsInvProducts\", \"status\": \"1\", \"parent_id\": 1, \"seq_number\": 12, \"description\": \"Product\"}}','2021-11-27 22:56:25','2021-11-27 22:56:25'),(156,'default','updated','App\\Models\\Base\\MenusTree',17,'App\\Models\\Base\\User',1,'{\"old\": {\"icon\": null, \"name\": null, \"route\": null, \"status\": null, \"parent_id\": 1, \"seq_number\": null, \"description\": null}, \"attributes\": {\"icon\": \"cil-3d\", \"name\": \"UOM\", \"route\": \"inventory/dmsInvUoms\", \"status\": \"1\", \"parent_id\": 1, \"seq_number\": 11, \"description\": \"Unit of measure\"}}','2021-11-27 22:56:25','2021-11-27 22:56:25'),(157,'default','updated','App\\Models\\Base\\MenusTree',16,'App\\Models\\Base\\User',1,'{\"old\": {\"icon\": null, \"name\": null, \"route\": null, \"status\": null, \"parent_id\": 1, \"seq_number\": null, \"description\": null}, \"attributes\": {\"icon\": \"cil-truck\", \"name\": \"Ekspedisi\", \"route\": \"inventory/dmsInvCarriers\", \"status\": \"1\", \"parent_id\": 1, \"seq_number\": 8, \"description\": \"Master Ekspedisi\"}}','2021-11-27 22:56:25','2021-11-27 22:56:25'),(158,'default','updated','App\\Models\\Base\\MenusTree',14,'App\\Models\\Base\\User',1,'{\"old\": {\"icon\": null, \"name\": null, \"route\": null, \"status\": null, \"parent_id\": 1, \"seq_number\": null, \"description\": null}, \"attributes\": {\"icon\": \"cil-building\", \"name\": \"Company\", \"route\": \"base/entities\", \"status\": \"1\", \"parent_id\": 1, \"seq_number\": 1, \"description\": \"Master perusahaan\"}}','2021-11-27 22:56:25','2021-11-27 22:56:25'),(159,'default','updated','App\\Models\\Base\\MenusTree',11,'App\\Models\\Base\\User',1,'{\"old\": {\"icon\": null, \"name\": null, \"route\": null, \"status\": null, \"parent_id\": 1, \"seq_number\": null, \"description\": null}, \"attributes\": {\"icon\": \"cil-cart\", \"name\": \"Supplier\", \"route\": \"base/dmsApSuppliers\", \"status\": \"1\", \"parent_id\": 1, \"seq_number\": 9, \"description\": \"Manage supplier\"}}','2021-11-27 22:56:25','2021-11-27 22:56:25'),(160,'default','updated','App\\Models\\Base\\MenusTree',10,'App\\Models\\Base\\User',1,'{\"old\": {\"icon\": null, \"name\": null, \"route\": null, \"status\": null, \"parent_id\": 1, \"seq_number\": null, \"description\": null}, \"attributes\": {\"icon\": \"cil-transfer\", \"name\": \"Trip\", \"route\": \"base/trips\", \"status\": \"1\", \"parent_id\": 1, \"seq_number\": 13, \"description\": \"manage trip\"}}','2021-11-27 22:56:25','2021-11-27 22:56:25'),(161,'default','updated','App\\Models\\Base\\MenusTree',9,'App\\Models\\Base\\User',1,'{\"old\": {\"icon\": null, \"name\": null, \"route\": null, \"status\": null, \"parent_id\": 1, \"seq_number\": null, \"description\": null}, \"attributes\": {\"icon\": \"cil-building\", \"name\": \"City\", \"route\": \"base/cities\", \"status\": \"1\", \"parent_id\": 1, \"seq_number\": 12, \"description\": \"Manage city\"}}','2021-11-27 22:56:25','2021-11-27 22:56:25'),(162,'default','updated','App\\Models\\Base\\MenusTree',8,'App\\Models\\Base\\User',1,'{\"old\": {\"icon\": null, \"name\": null, \"route\": null, \"status\": null, \"parent_id\": 1, \"seq_number\": null, \"description\": null}, \"attributes\": {\"icon\": \"cil-truck\", \"name\": \"Vehicle Group\", \"route\": \"inventory/dmsInvVehicletypes\", \"status\": \"1\", \"parent_id\": 1, \"seq_number\": 5, \"description\": \"Manage vehicle group\"}}','2021-11-27 22:56:25','2021-11-27 22:56:25'),(163,'default','updated','App\\Models\\Base\\MenusTree',4,'App\\Models\\Base\\User',1,'{\"old\": {\"icon\": null, \"name\": null, \"route\": null, \"status\": null, \"parent_id\": 1, \"seq_number\": null, \"description\": null}, \"attributes\": {\"icon\": \"cil-address-book\", \"name\": \"Menu\", \"route\": \"base/menus\", \"status\": \"1\", \"parent_id\": 1, \"seq_number\": 1, \"description\": \"Manage menu\"}}','2021-11-27 22:56:26','2021-11-27 22:56:26'),(164,'default','updated','App\\Models\\Base\\MenusTree',5,'App\\Models\\Base\\User',1,'{\"old\": {\"icon\": null, \"name\": null, \"route\": null, \"status\": null, \"parent_id\": 1, \"seq_number\": null, \"description\": null}, \"attributes\": {\"icon\": \"cil-address-book\", \"name\": \"User\", \"route\": \"base/users\", \"status\": \"1\", \"parent_id\": 1, \"seq_number\": 2, \"description\": \"Manage users\"}}','2021-11-27 22:56:26','2021-11-27 22:56:26'),(165,'default','updated','App\\Models\\Base\\MenusTree',6,'App\\Models\\Base\\User',1,'{\"old\": {\"icon\": null, \"name\": null, \"route\": null, \"status\": null, \"parent_id\": 1, \"seq_number\": null, \"description\": null}, \"attributes\": {\"icon\": \"cil-address-book\", \"name\": \"Role\", \"route\": \"base/roles\", \"status\": \"1\", \"parent_id\": 1, \"seq_number\": 3, \"description\": \"Manage role\"}}','2021-11-27 22:56:26','2021-11-27 22:56:26'),(166,'default','updated','App\\Models\\Base\\MenusTree',7,'App\\Models\\Base\\User',1,'{\"old\": {\"icon\": null, \"name\": null, \"route\": null, \"status\": null, \"parent_id\": 1, \"seq_number\": null, \"description\": null}, \"attributes\": {\"icon\": \"cil-address-book\", \"name\": \"Permission\", \"route\": \"base/permissions\", \"status\": \"1\", \"parent_id\": 1, \"seq_number\": 1, \"description\": \"Manage users\"}}','2021-11-27 22:56:26','2021-11-27 22:56:26'),(167,'default','updated','App\\Models\\Base\\MenusTree',1,'App\\Models\\Base\\User',1,'{\"old\": {\"icon\": null, \"name\": null, \"route\": null, \"status\": null, \"parent_id\": null, \"seq_number\": null, \"description\": null}, \"attributes\": {\"icon\": \"cil-address-book\", \"name\": \"Master Data\", \"route\": null, \"status\": \"1\", \"parent_id\": null, \"seq_number\": 1, \"description\": \"Header menu master\"}}','2021-11-27 22:56:26','2021-11-27 22:56:26'),(168,'default','updated','App\\Models\\Base\\MenusTree',34,'App\\Models\\Base\\User',1,'{\"old\": {\"icon\": null, \"name\": null, \"route\": null, \"status\": null, \"parent_id\": 2, \"seq_number\": null, \"description\": null}, \"attributes\": {\"icon\": \"cil-diamond\", \"name\": \"Payment type\", \"route\": \"base/dmsArPaymenttypes\", \"status\": \"1\", \"parent_id\": 2, \"seq_number\": 2, \"description\": \"Payment type\"}}','2021-11-27 22:56:26','2021-11-27 22:56:26'),(169,'default','updated','App\\Models\\Base\\MenusTree',33,'App\\Models\\Base\\User',1,'{\"old\": {\"icon\": null, \"name\": null, \"route\": null, \"status\": null, \"parent_id\": 2, \"seq_number\": null, \"description\": null}, \"attributes\": {\"icon\": \"cil-money\", \"name\": \"Payment Term\", \"route\": \"base/dmsArPaymentterms\", \"status\": \"1\", \"parent_id\": 2, \"seq_number\": 3, \"description\": \"payment term\"}}','2021-11-27 22:56:26','2021-11-27 22:56:26'),(170,'default','updated','App\\Models\\Base\\MenusTree',28,'App\\Models\\Base\\User',1,'{\"old\": {\"icon\": null, \"name\": null, \"route\": null, \"status\": null, \"parent_id\": 2, \"seq_number\": null, \"description\": null}, \"attributes\": {\"icon\": \"cil-money\", \"name\": \"Journal Entry\", \"route\": \"accounting/accountMoves\", \"status\": \"1\", \"parent_id\": 2, \"seq_number\": 5, \"description\": \"jurnal entri manual\"}}','2021-11-27 22:56:26','2021-11-27 22:56:26'),(171,'default','updated','App\\Models\\Base\\MenusTree',27,'App\\Models\\Base\\User',1,'{\"old\": {\"icon\": null, \"name\": null, \"route\": null, \"status\": null, \"parent_id\": 2, \"seq_number\": null, \"description\": null}, \"attributes\": {\"icon\": \"cil-calendar-check\", \"name\": \"Invoice\", \"route\": \"accounting/accountInvoices\", \"status\": \"1\", \"parent_id\": 2, \"seq_number\": 4, \"description\": \"Invoice\"}}','2021-11-27 22:56:26','2021-11-27 22:56:26'),(172,'default','updated','App\\Models\\Base\\MenusTree',25,'App\\Models\\Base\\User',1,'{\"old\": {\"icon\": null, \"name\": null, \"route\": null, \"status\": null, \"parent_id\": 2, \"seq_number\": null, \"description\": null}, \"attributes\": {\"icon\": \"cil-book\", \"name\": \"Chart Of Account\", \"route\": \"accounting/dmsFinAccounts\", \"status\": \"1\", \"parent_id\": 2, \"seq_number\": 1, \"description\": \"Chart Of Account\"}}','2021-11-27 22:56:26','2021-11-27 22:56:26'),(173,'default','updated','App\\Models\\Base\\MenusTree',2,'App\\Models\\Base\\User',1,'{\"old\": {\"icon\": null, \"name\": null, \"route\": null, \"status\": null, \"parent_id\": null, \"seq_number\": null, \"description\": null}, \"attributes\": {\"icon\": \"cil-address-book\", \"name\": \"Accounting\", \"route\": null, \"status\": \"1\", \"parent_id\": null, \"seq_number\": 2, \"description\": \"Header menu accounting\"}}','2021-11-27 22:56:26','2021-11-27 22:56:26'),(174,'default','updated','App\\Models\\Base\\MenusTree',41,'App\\Models\\Base\\User',1,'{\"old\": {\"icon\": null, \"name\": null, \"route\": null, \"status\": null, \"parent_id\": 3, \"seq_number\": null, \"description\": null}, \"attributes\": {\"icon\": \"cil-money\", \"name\": \"Jenis Potongan\", \"route\": \"inventory/masterDiscounts\", \"status\": \"1\", \"parent_id\": 3, \"seq_number\": 4, \"description\": \"discount\"}}','2021-11-27 22:56:26','2021-11-27 22:56:26'),(175,'default','updated','App\\Models\\Base\\MenusTree',40,'App\\Models\\Base\\User',1,'{\"old\": {\"icon\": null, \"name\": null, \"route\": null, \"status\": null, \"parent_id\": 3, \"seq_number\": null, \"description\": null}, \"attributes\": {\"icon\": \"cil-object-ungroup\", \"name\": \"Kategori produk\", \"route\": \"inventory/productCategories\", \"status\": \"1\", \"parent_id\": 3, \"seq_number\": 3, \"description\": \"kategori produk\"}}','2021-11-27 22:56:26','2021-11-27 22:56:26'),(176,'default','updated','App\\Models\\Base\\MenusTree',39,'App\\Models\\Base\\User',1,'{\"old\": {\"icon\": null, \"name\": null, \"route\": null, \"status\": null, \"parent_id\": 3, \"seq_number\": null, \"description\": null}, \"attributes\": {\"icon\": \"cil-money\", \"name\": \"Master Harga\", \"route\": \"inventory/productPrices\", \"status\": \"1\", \"parent_id\": 3, \"seq_number\": 2, \"description\": \"Master harga\"}}','2021-11-27 22:56:26','2021-11-27 22:56:26'),(177,'default','updated','App\\Models\\Base\\MenusTree',24,'App\\Models\\Base\\User',1,'{\"old\": {\"icon\": null, \"name\": null, \"route\": null, \"status\": null, \"parent_id\": 3, \"seq_number\": null, \"description\": null}, \"attributes\": {\"icon\": \"cil-data-transfer-up\", \"name\": \"BKB Synchronize\", \"route\": \"inventory/synchronizeOutStockPickings\", \"status\": \"1\", \"parent_id\": 3, \"seq_number\": 7, \"description\": \"BKB Synchronize\"}}','2021-11-27 22:56:26','2021-11-27 22:56:26'),(178,'default','updated','App\\Models\\Base\\MenusTree',23,'App\\Models\\Base\\User',1,'{\"old\": {\"icon\": null, \"name\": null, \"route\": null, \"status\": null, \"parent_id\": 3, \"seq_number\": null, \"description\": null}, \"attributes\": {\"icon\": \"cil-data-transfer-down\", \"name\": \"BTB Synchronize\", \"route\": \"inventory/synchronizeInStockPickings\", \"status\": \"1\", \"parent_id\": 3, \"seq_number\": 6, \"description\": \"Sinkronisasi BTB\"}}','2021-11-27 22:56:26','2021-11-27 22:56:26'),(179,'default','updated','App\\Models\\Base\\MenusTree',15,'App\\Models\\Base\\User',1,'{\"old\": {\"icon\": null, \"name\": null, \"route\": null, \"status\": null, \"parent_id\": 3, \"seq_number\": null, \"description\": null}, \"attributes\": {\"icon\": \"cil-library-building\", \"name\": \"Depo\", \"route\": \"base/dmsSmBranches\", \"status\": \"1\", \"parent_id\": 3, \"seq_number\": 1, \"description\": \"Data depo\"}}','2021-11-27 22:56:26','2021-11-27 22:56:26'),(180,'default','updated','App\\Models\\Base\\MenusTree',3,'App\\Models\\Base\\User',1,'{\"old\": {\"icon\": null, \"name\": null, \"route\": null, \"status\": null, \"parent_id\": null, \"seq_number\": null, \"description\": null}, \"attributes\": {\"icon\": \"cil-address-book\", \"name\": \"Inventory\", \"route\": null, \"status\": \"1\", \"parent_id\": null, \"seq_number\": 3, \"description\": \"Header menu inventory\"}}','2021-11-27 22:56:26','2021-11-27 22:56:26'),(181,'default','created','App\\Models\\Base\\Menus',44,'App\\Models\\Base\\User',1,'{\"attributes\": {\"icon\": \"cil-money\", \"name\": \"Invoice Submit\", \"route\": \"purchase/invoices\", \"status\": \"1\", \"parent_id\": 12, \"seq_number\": 2, \"description\": \"Invoice Submit\"}}','2021-11-27 22:57:21','2021-11-27 22:57:21'),(182,'default','updated','App\\Models\\Base\\MenusTree',44,'App\\Models\\Base\\User',1,'{\"old\": {\"icon\": null, \"name\": null, \"route\": null, \"status\": null, \"parent_id\": 12, \"seq_number\": null, \"description\": null}, \"attributes\": {\"icon\": \"cil-money\", \"name\": \"Invoice Submit\", \"route\": \"purchase/invoices\", \"status\": \"1\", \"parent_id\": 12, \"seq_number\": 2, \"description\": \"Invoice Submit\"}}','2021-11-27 22:57:21','2021-11-27 22:57:21'),(183,'default','updated','App\\Models\\Base\\MenusTree',43,'App\\Models\\Base\\User',1,'{\"old\": {\"icon\": null, \"name\": null, \"route\": null, \"status\": null, \"parent_id\": 12, \"seq_number\": null, \"description\": null}, \"attributes\": {\"icon\": \"cil-inbox\", \"name\": \"BTB Validate\", \"route\": \"purchase/btbValidates\", \"status\": \"1\", \"parent_id\": 12, \"seq_number\": 1, \"description\": \"BTB Validate\"}}','2021-11-27 22:57:21','2021-11-27 22:57:21'),(184,'default','updated','App\\Models\\Base\\MenusTree',12,'App\\Models\\Base\\User',1,'{\"old\": {\"icon\": null, \"name\": null, \"route\": null, \"status\": null, \"parent_id\": null, \"seq_number\": null, \"description\": null}, \"attributes\": {\"icon\": \"cil-baby-carriage\", \"name\": \"Purchase\", \"route\": null, \"status\": \"1\", \"parent_id\": null, \"seq_number\": 4, \"description\": \"purchasing\"}}','2021-11-27 22:57:21','2021-11-27 22:57:21'),(185,'default','updated','App\\Models\\Base\\MenusTree',42,'App\\Models\\Base\\User',1,'{\"old\": {\"icon\": null, \"name\": null, \"route\": null, \"status\": null, \"parent_id\": 1, \"seq_number\": null, \"description\": null}, \"attributes\": {\"icon\": \"cil-map\", \"name\": \"Lokasi\", \"route\": \"base/locations\", \"status\": \"1\", \"parent_id\": 1, \"seq_number\": 14, \"description\": \"master lokasi\"}}','2021-11-27 22:57:21','2021-11-27 22:57:21'),(186,'default','updated','App\\Models\\Base\\MenusTree',35,'App\\Models\\Base\\User',1,'{\"old\": {\"icon\": null, \"name\": null, \"route\": null, \"status\": null, \"parent_id\": 1, \"seq_number\": null, \"description\": null}, \"attributes\": {\"icon\": \"cil-address-book\", \"name\": \"Customer\", \"route\": \"base/dmsArCustomers\", \"status\": \"1\", \"parent_id\": 1, \"seq_number\": 9, \"description\": \"Master Customer\"}}','2021-11-27 22:57:21','2021-11-27 22:57:21'),(187,'default','updated','App\\Models\\Base\\MenusTree',32,'App\\Models\\Base\\User',1,'{\"old\": {\"icon\": null, \"name\": null, \"route\": null, \"status\": null, \"parent_id\": 1, \"seq_number\": null, \"description\": null}, \"attributes\": {\"icon\": \"cil-truck\", \"name\": \"Vehicle\", \"route\": \"inventory/dmsInvVehicles\", \"status\": \"1\", \"parent_id\": 1, \"seq_number\": 6, \"description\": \"Manage Vehicle\"}}','2021-11-27 22:57:21','2021-11-27 22:57:21'),(188,'default','updated','App\\Models\\Base\\MenusTree',18,'App\\Models\\Base\\User',1,'{\"old\": {\"icon\": null, \"name\": null, \"route\": null, \"status\": null, \"parent_id\": 1, \"seq_number\": null, \"description\": null}, \"attributes\": {\"icon\": \"cil-command\", \"name\": \"Product\", \"route\": \"inventory/dmsInvProducts\", \"status\": \"1\", \"parent_id\": 1, \"seq_number\": 12, \"description\": \"Product\"}}','2021-11-27 22:57:21','2021-11-27 22:57:21'),(189,'default','updated','App\\Models\\Base\\MenusTree',17,'App\\Models\\Base\\User',1,'{\"old\": {\"icon\": null, \"name\": null, \"route\": null, \"status\": null, \"parent_id\": 1, \"seq_number\": null, \"description\": null}, \"attributes\": {\"icon\": \"cil-3d\", \"name\": \"UOM\", \"route\": \"inventory/dmsInvUoms\", \"status\": \"1\", \"parent_id\": 1, \"seq_number\": 11, \"description\": \"Unit of measure\"}}','2021-11-27 22:57:21','2021-11-27 22:57:21'),(190,'default','updated','App\\Models\\Base\\MenusTree',16,'App\\Models\\Base\\User',1,'{\"old\": {\"icon\": null, \"name\": null, \"route\": null, \"status\": null, \"parent_id\": 1, \"seq_number\": null, \"description\": null}, \"attributes\": {\"icon\": \"cil-truck\", \"name\": \"Ekspedisi\", \"route\": \"inventory/dmsInvCarriers\", \"status\": \"1\", \"parent_id\": 1, \"seq_number\": 8, \"description\": \"Master Ekspedisi\"}}','2021-11-27 22:57:21','2021-11-27 22:57:21'),(191,'default','updated','App\\Models\\Base\\MenusTree',14,'App\\Models\\Base\\User',1,'{\"old\": {\"icon\": null, \"name\": null, \"route\": null, \"status\": null, \"parent_id\": 1, \"seq_number\": null, \"description\": null}, \"attributes\": {\"icon\": \"cil-building\", \"name\": \"Company\", \"route\": \"base/entities\", \"status\": \"1\", \"parent_id\": 1, \"seq_number\": 1, \"description\": \"Master perusahaan\"}}','2021-11-27 22:57:21','2021-11-27 22:57:21'),(192,'default','updated','App\\Models\\Base\\MenusTree',11,'App\\Models\\Base\\User',1,'{\"old\": {\"icon\": null, \"name\": null, \"route\": null, \"status\": null, \"parent_id\": 1, \"seq_number\": null, \"description\": null}, \"attributes\": {\"icon\": \"cil-cart\", \"name\": \"Supplier\", \"route\": \"base/dmsApSuppliers\", \"status\": \"1\", \"parent_id\": 1, \"seq_number\": 9, \"description\": \"Manage supplier\"}}','2021-11-27 22:57:21','2021-11-27 22:57:21'),(193,'default','updated','App\\Models\\Base\\MenusTree',10,'App\\Models\\Base\\User',1,'{\"old\": {\"icon\": null, \"name\": null, \"route\": null, \"status\": null, \"parent_id\": 1, \"seq_number\": null, \"description\": null}, \"attributes\": {\"icon\": \"cil-transfer\", \"name\": \"Trip\", \"route\": \"base/trips\", \"status\": \"1\", \"parent_id\": 1, \"seq_number\": 13, \"description\": \"manage trip\"}}','2021-11-27 22:57:21','2021-11-27 22:57:21'),(194,'default','updated','App\\Models\\Base\\MenusTree',9,'App\\Models\\Base\\User',1,'{\"old\": {\"icon\": null, \"name\": null, \"route\": null, \"status\": null, \"parent_id\": 1, \"seq_number\": null, \"description\": null}, \"attributes\": {\"icon\": \"cil-building\", \"name\": \"City\", \"route\": \"base/cities\", \"status\": \"1\", \"parent_id\": 1, \"seq_number\": 12, \"description\": \"Manage city\"}}','2021-11-27 22:57:21','2021-11-27 22:57:21'),(195,'default','updated','App\\Models\\Base\\MenusTree',8,'App\\Models\\Base\\User',1,'{\"old\": {\"icon\": null, \"name\": null, \"route\": null, \"status\": null, \"parent_id\": 1, \"seq_number\": null, \"description\": null}, \"attributes\": {\"icon\": \"cil-truck\", \"name\": \"Vehicle Group\", \"route\": \"inventory/dmsInvVehicletypes\", \"status\": \"1\", \"parent_id\": 1, \"seq_number\": 5, \"description\": \"Manage vehicle group\"}}','2021-11-27 22:57:21','2021-11-27 22:57:21'),(196,'default','updated','App\\Models\\Base\\MenusTree',4,'App\\Models\\Base\\User',1,'{\"old\": {\"icon\": null, \"name\": null, \"route\": null, \"status\": null, \"parent_id\": 1, \"seq_number\": null, \"description\": null}, \"attributes\": {\"icon\": \"cil-address-book\", \"name\": \"Menu\", \"route\": \"base/menus\", \"status\": \"1\", \"parent_id\": 1, \"seq_number\": 1, \"description\": \"Manage menu\"}}','2021-11-27 22:57:21','2021-11-27 22:57:21'),(197,'default','updated','App\\Models\\Base\\MenusTree',5,'App\\Models\\Base\\User',1,'{\"old\": {\"icon\": null, \"name\": null, \"route\": null, \"status\": null, \"parent_id\": 1, \"seq_number\": null, \"description\": null}, \"attributes\": {\"icon\": \"cil-address-book\", \"name\": \"User\", \"route\": \"base/users\", \"status\": \"1\", \"parent_id\": 1, \"seq_number\": 2, \"description\": \"Manage users\"}}','2021-11-27 22:57:21','2021-11-27 22:57:21'),(198,'default','updated','App\\Models\\Base\\MenusTree',6,'App\\Models\\Base\\User',1,'{\"old\": {\"icon\": null, \"name\": null, \"route\": null, \"status\": null, \"parent_id\": 1, \"seq_number\": null, \"description\": null}, \"attributes\": {\"icon\": \"cil-address-book\", \"name\": \"Role\", \"route\": \"base/roles\", \"status\": \"1\", \"parent_id\": 1, \"seq_number\": 3, \"description\": \"Manage role\"}}','2021-11-27 22:57:21','2021-11-27 22:57:21'),(199,'default','updated','App\\Models\\Base\\MenusTree',7,'App\\Models\\Base\\User',1,'{\"old\": {\"icon\": null, \"name\": null, \"route\": null, \"status\": null, \"parent_id\": 1, \"seq_number\": null, \"description\": null}, \"attributes\": {\"icon\": \"cil-address-book\", \"name\": \"Permission\", \"route\": \"base/permissions\", \"status\": \"1\", \"parent_id\": 1, \"seq_number\": 1, \"description\": \"Manage users\"}}','2021-11-27 22:57:21','2021-11-27 22:57:21'),(200,'default','updated','App\\Models\\Base\\MenusTree',1,'App\\Models\\Base\\User',1,'{\"old\": {\"icon\": null, \"name\": null, \"route\": null, \"status\": null, \"parent_id\": null, \"seq_number\": null, \"description\": null}, \"attributes\": {\"icon\": \"cil-address-book\", \"name\": \"Master Data\", \"route\": null, \"status\": \"1\", \"parent_id\": null, \"seq_number\": 1, \"description\": \"Header menu master\"}}','2021-11-27 22:57:21','2021-11-27 22:57:21'),(201,'default','updated','App\\Models\\Base\\MenusTree',34,'App\\Models\\Base\\User',1,'{\"old\": {\"icon\": null, \"name\": null, \"route\": null, \"status\": null, \"parent_id\": 2, \"seq_number\": null, \"description\": null}, \"attributes\": {\"icon\": \"cil-diamond\", \"name\": \"Payment type\", \"route\": \"base/dmsArPaymenttypes\", \"status\": \"1\", \"parent_id\": 2, \"seq_number\": 2, \"description\": \"Payment type\"}}','2021-11-27 22:57:21','2021-11-27 22:57:21'),(202,'default','updated','App\\Models\\Base\\MenusTree',33,'App\\Models\\Base\\User',1,'{\"old\": {\"icon\": null, \"name\": null, \"route\": null, \"status\": null, \"parent_id\": 2, \"seq_number\": null, \"description\": null}, \"attributes\": {\"icon\": \"cil-money\", \"name\": \"Payment Term\", \"route\": \"base/dmsArPaymentterms\", \"status\": \"1\", \"parent_id\": 2, \"seq_number\": 3, \"description\": \"payment term\"}}','2021-11-27 22:57:21','2021-11-27 22:57:21'),(203,'default','updated','App\\Models\\Base\\MenusTree',28,'App\\Models\\Base\\User',1,'{\"old\": {\"icon\": null, \"name\": null, \"route\": null, \"status\": null, \"parent_id\": 2, \"seq_number\": null, \"description\": null}, \"attributes\": {\"icon\": \"cil-money\", \"name\": \"Journal Entry\", \"route\": \"accounting/accountMoves\", \"status\": \"1\", \"parent_id\": 2, \"seq_number\": 5, \"description\": \"jurnal entri manual\"}}','2021-11-27 22:57:22','2021-11-27 22:57:22'),(204,'default','updated','App\\Models\\Base\\MenusTree',27,'App\\Models\\Base\\User',1,'{\"old\": {\"icon\": null, \"name\": null, \"route\": null, \"status\": null, \"parent_id\": 2, \"seq_number\": null, \"description\": null}, \"attributes\": {\"icon\": \"cil-calendar-check\", \"name\": \"Invoice\", \"route\": \"accounting/accountInvoices\", \"status\": \"1\", \"parent_id\": 2, \"seq_number\": 4, \"description\": \"Invoice\"}}','2021-11-27 22:57:22','2021-11-27 22:57:22'),(205,'default','updated','App\\Models\\Base\\MenusTree',25,'App\\Models\\Base\\User',1,'{\"old\": {\"icon\": null, \"name\": null, \"route\": null, \"status\": null, \"parent_id\": 2, \"seq_number\": null, \"description\": null}, \"attributes\": {\"icon\": \"cil-book\", \"name\": \"Chart Of Account\", \"route\": \"accounting/dmsFinAccounts\", \"status\": \"1\", \"parent_id\": 2, \"seq_number\": 1, \"description\": \"Chart Of Account\"}}','2021-11-27 22:57:22','2021-11-27 22:57:22'),(206,'default','updated','App\\Models\\Base\\MenusTree',2,'App\\Models\\Base\\User',1,'{\"old\": {\"icon\": null, \"name\": null, \"route\": null, \"status\": null, \"parent_id\": null, \"seq_number\": null, \"description\": null}, \"attributes\": {\"icon\": \"cil-address-book\", \"name\": \"Accounting\", \"route\": null, \"status\": \"1\", \"parent_id\": null, \"seq_number\": 2, \"description\": \"Header menu accounting\"}}','2021-11-27 22:57:22','2021-11-27 22:57:22'),(207,'default','updated','App\\Models\\Base\\MenusTree',41,'App\\Models\\Base\\User',1,'{\"old\": {\"icon\": null, \"name\": null, \"route\": null, \"status\": null, \"parent_id\": 3, \"seq_number\": null, \"description\": null}, \"attributes\": {\"icon\": \"cil-money\", \"name\": \"Jenis Potongan\", \"route\": \"inventory/masterDiscounts\", \"status\": \"1\", \"parent_id\": 3, \"seq_number\": 4, \"description\": \"discount\"}}','2021-11-27 22:57:22','2021-11-27 22:57:22'),(208,'default','updated','App\\Models\\Base\\MenusTree',40,'App\\Models\\Base\\User',1,'{\"old\": {\"icon\": null, \"name\": null, \"route\": null, \"status\": null, \"parent_id\": 3, \"seq_number\": null, \"description\": null}, \"attributes\": {\"icon\": \"cil-object-ungroup\", \"name\": \"Kategori produk\", \"route\": \"inventory/productCategories\", \"status\": \"1\", \"parent_id\": 3, \"seq_number\": 3, \"description\": \"kategori produk\"}}','2021-11-27 22:57:22','2021-11-27 22:57:22'),(209,'default','updated','App\\Models\\Base\\MenusTree',39,'App\\Models\\Base\\User',1,'{\"old\": {\"icon\": null, \"name\": null, \"route\": null, \"status\": null, \"parent_id\": 3, \"seq_number\": null, \"description\": null}, \"attributes\": {\"icon\": \"cil-money\", \"name\": \"Master Harga\", \"route\": \"inventory/productPrices\", \"status\": \"1\", \"parent_id\": 3, \"seq_number\": 2, \"description\": \"Master harga\"}}','2021-11-27 22:57:22','2021-11-27 22:57:22'),(210,'default','updated','App\\Models\\Base\\MenusTree',24,'App\\Models\\Base\\User',1,'{\"old\": {\"icon\": null, \"name\": null, \"route\": null, \"status\": null, \"parent_id\": 3, \"seq_number\": null, \"description\": null}, \"attributes\": {\"icon\": \"cil-data-transfer-up\", \"name\": \"BKB Synchronize\", \"route\": \"inventory/synchronizeOutStockPickings\", \"status\": \"1\", \"parent_id\": 3, \"seq_number\": 7, \"description\": \"BKB Synchronize\"}}','2021-11-27 22:57:22','2021-11-27 22:57:22'),(211,'default','updated','App\\Models\\Base\\MenusTree',23,'App\\Models\\Base\\User',1,'{\"old\": {\"icon\": null, \"name\": null, \"route\": null, \"status\": null, \"parent_id\": 3, \"seq_number\": null, \"description\": null}, \"attributes\": {\"icon\": \"cil-data-transfer-down\", \"name\": \"BTB Synchronize\", \"route\": \"inventory/synchronizeInStockPickings\", \"status\": \"1\", \"parent_id\": 3, \"seq_number\": 6, \"description\": \"Sinkronisasi BTB\"}}','2021-11-27 22:57:22','2021-11-27 22:57:22'),(212,'default','updated','App\\Models\\Base\\MenusTree',15,'App\\Models\\Base\\User',1,'{\"old\": {\"icon\": null, \"name\": null, \"route\": null, \"status\": null, \"parent_id\": 3, \"seq_number\": null, \"description\": null}, \"attributes\": {\"icon\": \"cil-library-building\", \"name\": \"Depo\", \"route\": \"base/dmsSmBranches\", \"status\": \"1\", \"parent_id\": 3, \"seq_number\": 1, \"description\": \"Data depo\"}}','2021-11-27 22:57:22','2021-11-27 22:57:22'),(213,'default','updated','App\\Models\\Base\\MenusTree',3,'App\\Models\\Base\\User',1,'{\"old\": {\"icon\": null, \"name\": null, \"route\": null, \"status\": null, \"parent_id\": null, \"seq_number\": null, \"description\": null}, \"attributes\": {\"icon\": \"cil-address-book\", \"name\": \"Inventory\", \"route\": null, \"status\": \"1\", \"parent_id\": null, \"seq_number\": 3, \"description\": \"Header menu inventory\"}}','2021-11-27 22:57:22','2021-11-27 22:57:22');
/*!40000 ALTER TABLE `activity_log` ENABLE KEYS */;
UNLOCK TABLES;

--
-- Table structure for table `entity`
--

DROP TABLE IF EXISTS `entity`;
/*!40101 SET @saved_cs_client     = @@character_set_client */;
/*!50503 SET character_set_client = utf8mb4 */;
CREATE TABLE `entity` (
  `id` bigint unsigned NOT NULL AUTO_INCREMENT,
  `name` varchar(50) CHARACTER SET utf8mb4 COLLATE utf8mb4_unicode_ci NOT NULL,
  `internal_code` varchar(50) CHARACTER SET utf8mb4 COLLATE utf8mb4_unicode_ci NOT NULL,
  `description` varchar(255) CHARACTER SET utf8mb4 COLLATE utf8mb4_unicode_ci NOT NULL,
  `created_by` bigint unsigned DEFAULT NULL,
  `updated_by` bigint unsigned DEFAULT NULL,
  `deleted_at` timestamp NULL DEFAULT NULL,
  `created_at` timestamp NULL DEFAULT NULL,
  `updated_at` timestamp NULL DEFAULT NULL,
  PRIMARY KEY (`id`),
  UNIQUE KEY `entity_internal_code_unique` (`internal_code`)
) ENGINE=InnoDB AUTO_INCREMENT=2 DEFAULT CHARSET=utf8mb4 COLLATE=utf8mb4_unicode_ci;
/*!40101 SET character_set_client = @saved_cs_client */;

--
-- Dumping data for table `entity`
--

LOCK TABLES `entity` WRITE;
/*!40000 ALTER TABLE `entity` DISABLE KEYS */;
INSERT INTO `entity` VALUES (1,'Sejati Utama','SU','-',1,NULL,NULL,'2021-11-02 07:26:29','2021-11-02 07:26:29');
/*!40000 ALTER TABLE `entity` ENABLE KEYS */;
UNLOCK TABLES;

--
-- Table structure for table `failed_jobs`
--

DROP TABLE IF EXISTS `failed_jobs`;
/*!40101 SET @saved_cs_client     = @@character_set_client */;
/*!50503 SET character_set_client = utf8mb4 */;
CREATE TABLE `failed_jobs` (
  `id` bigint unsigned NOT NULL AUTO_INCREMENT,
  `uuid` varchar(255) CHARACTER SET utf8mb4 COLLATE utf8mb4_unicode_ci NOT NULL,
  `connection` text CHARACTER SET utf8mb4 COLLATE utf8mb4_unicode_ci NOT NULL,
  `queue` text CHARACTER SET utf8mb4 COLLATE utf8mb4_unicode_ci NOT NULL,
  `payload` longtext CHARACTER SET utf8mb4 COLLATE utf8mb4_unicode_ci NOT NULL,
  `exception` longtext CHARACTER SET utf8mb4 COLLATE utf8mb4_unicode_ci NOT NULL,
  `failed_at` timestamp NOT NULL DEFAULT CURRENT_TIMESTAMP,
  PRIMARY KEY (`id`),
  UNIQUE KEY `failed_jobs_uuid_unique` (`uuid`)
) ENGINE=InnoDB DEFAULT CHARSET=utf8mb4 COLLATE=utf8mb4_unicode_ci;
/*!40101 SET character_set_client = @saved_cs_client */;

--
-- Dumping data for table `failed_jobs`
--

LOCK TABLES `failed_jobs` WRITE;
/*!40000 ALTER TABLE `failed_jobs` DISABLE KEYS */;
/*!40000 ALTER TABLE `failed_jobs` ENABLE KEYS */;
UNLOCK TABLES;

--
-- Table structure for table `menu_permissions`
--

DROP TABLE IF EXISTS `menu_permissions`;
/*!40101 SET @saved_cs_client     = @@character_set_client */;
/*!50503 SET character_set_client = utf8mb4 */;
CREATE TABLE `menu_permissions` (
  `menu_id` bigint unsigned NOT NULL,
  `permission_id` bigint unsigned NOT NULL,
  `status` char(1) CHARACTER SET utf8mb4 COLLATE utf8mb4_unicode_ci DEFAULT '1',
  PRIMARY KEY (`menu_id`,`permission_id`),
  KEY `fk_menu_permission_permissions` (`permission_id`),
  CONSTRAINT `fk_menu_permission_menus` FOREIGN KEY (`menu_id`) REFERENCES `menus` (`id`),
  CONSTRAINT `fk_menu_permission_permissions` FOREIGN KEY (`permission_id`) REFERENCES `permissions` (`id`)
) ENGINE=InnoDB DEFAULT CHARSET=utf8mb4 COLLATE=utf8mb4_unicode_ci;
/*!40101 SET character_set_client = @saved_cs_client */;

--
-- Dumping data for table `menu_permissions`
--

LOCK TABLES `menu_permissions` WRITE;
/*!40000 ALTER TABLE `menu_permissions` DISABLE KEYS */;
INSERT INTO `menu_permissions` VALUES (4,1,'1'),(5,5,'1'),(6,9,'1'),(7,13,'1'),(8,229,'1'),(9,17,'1'),(10,281,'1'),(11,141,'1'),(14,277,'1'),(15,289,'1'),(16,189,'1'),(17,221,'1'),(18,201,'1'),(25,353,'1'),(32,225,'1'),(33,169,'1'),(34,173,'1'),(35,145,'1'),(38,285,'1'),(39,301,'1'),(40,293,'1'),(41,305,'1'),(46,319,'1'),(48,338,'1'),(49,346,'1'),(50,345,'1'),(52,349,'1'),(54,357,'1'),(55,361,'1'),(56,53,'1'),(61,362,'1'),(63,364,'1');
/*!40000 ALTER TABLE `menu_permissions` ENABLE KEYS */;
UNLOCK TABLES;

--
-- Table structure for table `menus`
--

DROP TABLE IF EXISTS `menus`;
/*!40101 SET @saved_cs_client     = @@character_set_client */;
/*!50503 SET character_set_client = utf8mb4 */;
CREATE TABLE `menus` (
  `id` bigint unsigned NOT NULL AUTO_INCREMENT,
  `name` varchar(100) CHARACTER SET utf8mb4 COLLATE utf8mb4_unicode_ci NOT NULL,
  `description` varchar(100) CHARACTER SET utf8mb4 COLLATE utf8mb4_unicode_ci DEFAULT NULL,
  `status` char(1) CHARACTER SET utf8mb4 COLLATE utf8mb4_unicode_ci NOT NULL DEFAULT '1',
  `created_at` datetime DEFAULT CURRENT_TIMESTAMP,
  `updated_at` datetime DEFAULT CURRENT_TIMESTAMP,
  `icon` varchar(50) CHARACTER SET utf8mb4 COLLATE utf8mb4_unicode_ci DEFAULT NULL,
  `route` varchar(100) CHARACTER SET utf8mb4 COLLATE utf8mb4_unicode_ci DEFAULT NULL,
  `parent_id` int DEFAULT NULL,
  `_lft` int unsigned DEFAULT NULL,
  `_rgt` int unsigned DEFAULT NULL,
  `seq_number` tinyint DEFAULT '1',
  PRIMARY KEY (`id`),
  UNIQUE KEY `name` (`name`)
) ENGINE=InnoDB AUTO_INCREMENT=73 DEFAULT CHARSET=utf8mb4 COLLATE=utf8mb4_unicode_ci;
/*!40101 SET character_set_client = @saved_cs_client */;

--
-- Dumping data for table `menus`
--

LOCK TABLES `menus` WRITE;
/*!40000 ALTER TABLE `menus` DISABLE KEYS */;
INSERT INTO `menus` VALUES (1,'Master Data','Header menu master','1','2021-08-09 08:10:07','2022-06-06 10:41:54','cil-address-book',NULL,NULL,39,72,1),(2,'Accounting','Header menu accounting','1','2021-08-09 08:10:07','2022-06-06 10:41:54','cil-address-book',NULL,NULL,73,110,2),(3,'Inventory','Header menu inventory','1','2021-08-09 08:10:07','2022-06-06 10:41:54','cil-address-book',NULL,NULL,111,126,3),(4,'Menu','Manage menu','1','2021-08-09 08:10:07','2022-06-06 10:41:53','cil-address-book','base/menus',1,64,65,1),(5,'User','Manage users','1','2021-08-09 08:10:07','2022-06-06 10:41:53','cil-address-book','base/users',1,66,67,2),(6,'Role','Manage role','1','2021-08-09 08:10:07','2022-06-06 10:41:53','cil-address-book','base/roles',1,68,69,3),(7,'Permission','Manage users','1','2021-08-09 08:10:07','2022-06-06 10:41:53','cil-address-book','base/permissions',1,70,71,1),(8,'Vehicle Group','Manage vehicle group','1','2021-08-10 13:44:02','2022-06-06 10:41:53','cil-truck','inventory/dmsInvVehicletypes',1,62,63,5),(9,'City','Manage city','1','2021-08-10 13:48:39','2022-06-06 10:41:53','cil-building','base/cities',1,60,61,12),(10,'Trip','manage trip','1','2021-08-10 13:50:15','2022-06-06 10:41:53','cil-transfer','base/trips',1,58,59,13),(11,'Supplier','Manage supplier','1','2021-08-10 13:52:37','2022-06-06 10:41:53','cil-cart','base/dmsApSuppliers',1,56,57,9),(12,'Purchase','purchasing','1','2021-08-12 14:21:01','2022-06-06 10:41:53','cil-baby-carriage',NULL,NULL,31,38,4),(13,'Finance','keuangan','1','2021-08-12 14:22:07','2022-06-06 10:41:53','cil-money',NULL,NULL,25,30,5),(14,'Company','Master perusahaan','1','2021-08-15 15:30:18','2022-06-06 10:41:53','cil-building','base/entities',1,54,55,1),(15,'Depo','Data depo','1','2021-08-15 15:32:14','2022-06-06 10:41:54','cil-library-building','base/dmsSmBranches',3,124,125,1),(16,'Ekspedisi','Master Ekspedisi','1','2021-08-16 07:23:57','2022-06-06 10:41:53','cil-truck','inventory/dmsInvCarriers',1,52,53,8),(17,'UOM','Unit of measure','1','2021-08-16 07:25:08','2022-06-06 10:41:53','cil-3d','inventory/dmsInvUoms',1,50,51,11),(18,'Product','Product','1','2021-08-16 07:26:24','2022-06-06 10:41:53','cil-command','inventory/dmsInvProducts',1,48,49,12),(23,'BTB Synchronize','Sinkronisasi BTB','1','2021-08-17 15:18:23','2022-06-06 10:41:54','cil-data-transfer-down','inventory/synchronizeInStockPickings',3,120,121,6),(24,'BKB Synchronize','BKB Synchronize','1','2021-08-17 15:19:20','2022-06-06 10:41:54','cil-data-transfer-up','inventory/synchronizeOutStockPickings',3,118,119,7),(25,'Chart Of Account','Chart Of Account','1','2021-08-17 22:37:51','2022-06-06 10:41:54','cil-book','accounting/accounts',2,108,109,1),(27,'Invoice','Invoice','1','2021-08-21 14:30:12','2022-06-06 10:41:54','cil-calendar-check','accounting/accountInvoices',2,106,107,4),(32,'Vehicle','Manage Vehicle','1','2021-10-29 13:48:43','2022-06-06 10:41:53','cil-truck','inventory/dmsInvVehicles',1,46,47,6),(33,'Payment Term','payment term','1','2021-10-29 14:40:06','2022-06-06 10:41:54','cil-money','base/dmsArPaymentterms',2,104,105,3),(34,'Payment type','Payment type','1','2021-10-29 14:41:33','2022-06-06 10:41:54','cil-diamond','base/dmsArPaymenttypes',2,100,101,2),(35,'Customer','Master Customer','1','2021-10-29 14:44:55','2022-06-06 10:41:53','cil-address-book','base/dmsArCustomers',1,44,45,9),(36,'Log','Group log','1','2021-10-29 14:50:38','2022-06-06 10:41:53','cil-notes',NULL,NULL,21,24,6),(37,'Histori Harga','Histori perubahan harga barang','1','2021-10-29 14:51:49','2022-06-06 10:41:53','cil-alarm','/',36,22,23,1),(38,'Synchronize','Sinkronisasi table','1','2021-11-08 00:52:34','2022-06-06 10:41:53','cil-sync','synchronizes',NULL,19,20,15),(39,'Master Harga','Master harga','1','2021-11-12 07:57:38','2022-06-06 10:41:54','cil-money','inventory/productPrices',3,116,117,2),(40,'Kategori produk','kategori produk','1','2021-11-12 07:58:52','2022-06-06 10:41:54','cil-object-ungroup','inventory/productCategories',3,114,115,3),(41,'Jenis Potongan','discount','1','2021-11-12 08:02:48','2022-06-06 10:41:54','cil-money','inventory/masterDiscounts',3,112,113,4),(42,'Lokasi','master lokasi','1','2021-11-13 22:09:14','2022-06-06 10:41:53','cil-map','base/locations',1,40,41,14),(43,'BTB Validate','BTB Validate','1','2021-11-27 22:56:25','2022-06-06 10:41:53','cil-inbox','purchase/btbValidates',12,36,37,1),(44,'Invoice Submit','Invoice Submit','1','2021-11-27 22:57:20','2022-06-06 10:41:53','cil-money','purchase/invoices',12,34,35,2),(45,'Debit Credit Note','debit credit note','1','2021-12-07 13:04:23','2022-06-06 10:41:53','cil-money','finance/debitCreditNotes',13,28,29,1),(46,'Invoice Validate','Invoice Validate','1','2021-11-27 22:21:39','2022-06-06 10:41:53','cil-calendar-check','purchase/invoiceValidates',12,32,33,3),(47,'Sales','Penjualan','1','2021-12-26 08:54:10','2022-06-06 10:41:53','cil-money',NULL,NULL,3,16,6),(48,'Master Discount','Master potongan','1','2021-12-26 08:54:57','2022-06-06 10:41:53','cil-cut','sales/discounts',47,14,15,1),(49,'Closing Sales','Closing Sales','1','2021-12-27 22:19:14','2022-06-06 10:41:53','cil-cash','sales/bkbDiscounts/create',47,12,13,2),(50,'Rekap Potongan Penjualan','Rekap Potongan Penjualan','1','2022-01-01 14:48:03','2022-06-06 10:41:53','cil-aperture','sales/bkbDiscounts',47,10,11,3),(51,'Discount Reject','Discount Reject ok','1','2022-01-01 14:49:03','2022-06-06 10:41:53','cil-cut','sales/discountReject',47,6,7,4),(52,'Jurnal Manual','Jurnal Manual','1','2022-01-10 21:22:09','2022-06-06 10:41:53','cil-book','finance/accountMoves',13,26,27,1),(53,'Laporan Laba Rugi','Laporan Laba Rugi','1','2022-01-10 22:19:50','2022-06-06 10:41:54','cil-chart-line','accounting/profitLoss',2,98,99,3),(54,'Setting Report Account','Setting Report Account','1','2022-01-12 08:23:45','2022-06-06 10:41:54','cil-settings','accounting/reportSettingAccounts',2,96,97,4),(55,'Jurnal DMS','Jurnal DMS','1','2022-01-13 22:27:22','2022-06-06 10:41:54','cil-address-book','accounting/journalDms/create',2,90,91,5),(56,'Setting Company','Setting data company','1','2022-01-14 20:26:52','2022-06-06 10:41:53','cil-storage','base/settings',1,42,43,7),(57,'Detail Penjualan','Detail penjualan','1','2022-01-18 08:12:16','2022-06-06 10:41:53','cil-chart-line','sales/salesReport',47,8,9,3),(58,'Rekap Penjualan','rekap penjualan','1','2022-01-18 08:13:18','2022-06-06 10:41:53','cil-chart-line','sales/salesReport/rekap',47,4,5,4),(59,'Laba Rugi PT','laba rugi PT','1','2022-01-18 08:14:26','2022-06-06 10:41:54','cil-money','accounting/profitLossCompany',2,102,103,4),(60,'Laporan Neraca','Laporan Neraca','1','2022-01-24 04:57:42','2022-06-06 10:41:54','cil-balance-scale','accounting/balance',2,86,87,8),(61,'Saldo Awal','Saldo Awal','1','2022-01-24 04:58:38','2022-06-06 10:41:54','cil-bank','accounting/accountBalances',2,80,81,9),(62,'Laporan Arus Kas','Arus kas','1','2022-01-31 07:28:42','2022-06-06 10:41:54','cil-cash','accounting/cashFlow',2,76,77,6),(63,'Ongkos Angkut Manual','Ongkos Angkut Manual','1','2022-02-23 05:52:51','2022-06-06 10:41:54','cil-notes','accounting/shippingCostManuals',2,84,85,5),(64,'Account Jurnal','Account Jurnal','1','2022-02-26 10:21:28','2022-06-06 10:41:54','cil-book','accounting/journalAccounts',2,74,75,9),(65,'Arus Kas','Arus kas','1','2022-02-25 20:36:19','2022-06-06 10:41:54','cil-money','accounting/cashFlow',2,94,95,5),(66,'Rekap GL','Rekap GL','1','2022-03-08 21:30:51','2022-06-06 10:41:54','cil-bank','accounting/generalLedger',2,92,93,12),(67,'Mutasi Kas Bank','Mutasi Kas Bank','1','2022-03-14 21:41:29','2022-06-06 10:41:54','cil-bank','accounting/transferCashBanks',2,88,89,10),(68,'Rekapitulasi Biaya','Rekapitulasi Biaya Kas','1','2022-03-17 20:22:30','2022-06-06 10:41:53','cil-bolt-circle','accounting/summaryCost',NULL,17,18,11),(69,'Laporan Mutasi Kas Harian','Laporan Mutasi Kas Harian','1','2022-03-17 21:28:40','2022-06-06 10:41:54','cil-cash','accounting/reportTransferCash',2,82,83,11),(70,'Money Check','Pengecekan Transfer Uang','1','2022-04-02 21:08:15','2022-06-06 10:41:54','cil-transfer','accounting/moneyCheck',2,78,79,12),(71,'Mutasi Produk','Mutasi Produk','1','2022-04-09 05:56:18','2022-06-06 10:41:54','cil-library-building','inventory/productStocks',3,122,123,6);
/*!40000 ALTER TABLE `menus` ENABLE KEYS */;
UNLOCK TABLES;

--
-- Table structure for table `migrations`
--

DROP TABLE IF EXISTS `migrations`;
/*!40101 SET @saved_cs_client     = @@character_set_client */;
/*!50503 SET character_set_client = utf8mb4 */;
CREATE TABLE `migrations` (
  `id` int unsigned NOT NULL AUTO_INCREMENT,
  `migration` varchar(255) CHARACTER SET utf8mb4 COLLATE utf8mb4_unicode_ci NOT NULL,
  `batch` int NOT NULL,
  PRIMARY KEY (`id`)
) ENGINE=InnoDB AUTO_INCREMENT=12 DEFAULT CHARSET=utf8mb4 COLLATE=utf8mb4_unicode_ci;
/*!40101 SET character_set_client = @saved_cs_client */;

--
-- Dumping data for table `migrations`
--

LOCK TABLES `migrations` WRITE;
/*!40000 ALTER TABLE `migrations` DISABLE KEYS */;
INSERT INTO `migrations` VALUES (1,'2014_10_12_000000_create_users_table',1),(2,'2014_10_12_100000_create_password_resets_table',1),(3,'2019_08_19_000000_create_failed_jobs_table',1),(4,'2021_07_07_080836_create_permission_tables',1),(5,'2021_08_06_225424_create_menus_table',1),(6,'2021_08_06_225434_create_menu_permissions_table',1),(7,'2021_09_08_054823_create_activity_log_table',1),(8,'2021_09_09_152314_alter_user_add_deleted_at',1),(9,'2021_11_01_061009_create_entity_table',1),(10,'2021_11_02_152314_alter_user_add_entity',2),(11,'2021_11_02_164406_remove_entity_id',3);
/*!40000 ALTER TABLE `migrations` ENABLE KEYS */;
UNLOCK TABLES;

--
-- Table structure for table `model_has_permissions`
--

DROP TABLE IF EXISTS `model_has_permissions`;
/*!40101 SET @saved_cs_client     = @@character_set_client */;
/*!50503 SET character_set_client = utf8mb4 */;
CREATE TABLE `model_has_permissions` (
  `permission_id` bigint unsigned NOT NULL,
  `model_type` varchar(255) CHARACTER SET utf8mb4 COLLATE utf8mb4_unicode_ci NOT NULL,
  `model_id` bigint unsigned NOT NULL,
  PRIMARY KEY (`permission_id`,`model_id`,`model_type`),
  KEY `model_has_permissions_model_id_model_type_index` (`model_id`,`model_type`),
  CONSTRAINT `model_has_permissions_permission_id_foreign` FOREIGN KEY (`permission_id`) REFERENCES `permissions` (`id`) ON DELETE CASCADE
) ENGINE=InnoDB DEFAULT CHARSET=utf8mb4 COLLATE=utf8mb4_unicode_ci;
/*!40101 SET character_set_client = @saved_cs_client */;

--
-- Dumping data for table `model_has_permissions`
--

LOCK TABLES `model_has_permissions` WRITE;
/*!40000 ALTER TABLE `model_has_permissions` DISABLE KEYS */;
/*!40000 ALTER TABLE `model_has_permissions` ENABLE KEYS */;
UNLOCK TABLES;

--
-- Table structure for table `model_has_roles`
--

DROP TABLE IF EXISTS `model_has_roles`;
/*!40101 SET @saved_cs_client     = @@character_set_client */;
/*!50503 SET character_set_client = utf8mb4 */;
CREATE TABLE `model_has_roles` (
  `role_id` bigint unsigned NOT NULL,
  `model_type` varchar(255) CHARACTER SET utf8mb4 COLLATE utf8mb4_unicode_ci NOT NULL,
  `model_id` bigint unsigned NOT NULL,
  PRIMARY KEY (`role_id`,`model_id`,`model_type`),
  KEY `model_has_roles_model_id_model_type_index` (`model_id`,`model_type`),
  CONSTRAINT `model_has_roles_role_id_foreign` FOREIGN KEY (`role_id`) REFERENCES `roles` (`id`) ON DELETE CASCADE
) ENGINE=InnoDB DEFAULT CHARSET=utf8mb4 COLLATE=utf8mb4_unicode_ci;
/*!40101 SET character_set_client = @saved_cs_client */;

--
-- Dumping data for table `model_has_roles`
--

LOCK TABLES `model_has_roles` WRITE;
/*!40000 ALTER TABLE `model_has_roles` DISABLE KEYS */;
INSERT INTO `model_has_roles` VALUES (1,'App\\Models\\Base\\User',1),(2,'App\\Models\\Base\\User',2);
/*!40000 ALTER TABLE `model_has_roles` ENABLE KEYS */;
UNLOCK TABLES;

--
-- Table structure for table `password_resets`
--

DROP TABLE IF EXISTS `password_resets`;
/*!40101 SET @saved_cs_client     = @@character_set_client */;
/*!50503 SET character_set_client = utf8mb4 */;
CREATE TABLE `password_resets` (
  `email` varchar(255) CHARACTER SET utf8mb4 COLLATE utf8mb4_unicode_ci NOT NULL,
  `token` varchar(255) CHARACTER SET utf8mb4 COLLATE utf8mb4_unicode_ci NOT NULL,
  `created_at` timestamp NULL DEFAULT NULL,
  KEY `password_resets_email_index` (`email`)
) ENGINE=InnoDB DEFAULT CHARSET=utf8mb4 COLLATE=utf8mb4_unicode_ci;
/*!40101 SET character_set_client = @saved_cs_client */;

--
-- Dumping data for table `password_resets`
--

LOCK TABLES `password_resets` WRITE;
/*!40000 ALTER TABLE `password_resets` DISABLE KEYS */;
/*!40000 ALTER TABLE `password_resets` ENABLE KEYS */;
UNLOCK TABLES;

--
-- Table structure for table `permissions`
--

DROP TABLE IF EXISTS `permissions`;
/*!40101 SET @saved_cs_client     = @@character_set_client */;
/*!50503 SET character_set_client = utf8mb4 */;
CREATE TABLE `permissions` (
  `id` bigint unsigned NOT NULL AUTO_INCREMENT,
  `name` varchar(255) CHARACTER SET utf8mb4 COLLATE utf8mb4_unicode_ci NOT NULL,
  `guard_name` varchar(255) CHARACTER SET utf8mb4 COLLATE utf8mb4_unicode_ci NOT NULL,
  `created_at` timestamp NULL DEFAULT NULL,
  `updated_at` timestamp NULL DEFAULT NULL,
  PRIMARY KEY (`id`),
  UNIQUE KEY `permissions_name_guard_name_unique` (`name`,`guard_name`)
) ENGINE=InnoDB AUTO_INCREMENT=376 DEFAULT CHARSET=utf8mb4 COLLATE=utf8mb4_unicode_ci;
/*!40101 SET character_set_client = @saved_cs_client */;

--
-- Dumping data for table `permissions`
--

LOCK TABLES `permissions` WRITE;
/*!40000 ALTER TABLE `permissions` DISABLE KEYS */;
INSERT INTO `permissions` VALUES (1,'menu-index','web',NULL,NULL),(2,'menu-create','web',NULL,NULL),(3,'menu-update','web',NULL,NULL),(4,'menu-delete','web',NULL,NULL),(5,'user-index','web',NULL,NULL),(6,'user-create','web',NULL,NULL),(7,'user-update','web',NULL,NULL),(8,'user-delete','web',NULL,NULL),(9,'role-index','web',NULL,NULL),(10,'role-create','web',NULL,NULL),(11,'role-update','web',NULL,NULL),(12,'role-delete','web',NULL,NULL),(13,'permission-index','web',NULL,NULL),(14,'permission-create','web',NULL,NULL),(15,'permission-update','web',NULL,NULL),(16,'permission-delete','web',NULL,NULL),(17,'city-index','web','2021-08-10 13:38:08','2021-08-10 13:38:08'),(18,'city-create','web','2021-08-10 13:38:09','2021-08-10 13:38:09'),(19,'city-update','web','2021-08-10 13:38:09','2021-08-10 13:38:09'),(20,'city-delete','web','2021-08-10 13:38:09','2021-08-10 13:38:09'),(21,'vehicle_group-index','web','2021-08-10 13:38:12','2021-08-10 13:38:12'),(22,'vehicle_group-create','web','2021-08-10 13:38:12','2021-08-10 13:38:12'),(23,'vehicle_group-update','web','2021-08-10 13:38:12','2021-08-10 13:38:12'),(24,'vehicle_group-delete','web','2021-08-10 13:38:13','2021-08-10 13:38:13'),(25,'vendor-index','web','2021-08-10 13:39:40','2021-08-10 13:39:40'),(26,'vendor-create','web','2021-08-10 13:39:40','2021-08-10 13:39:40'),(27,'vendor-update','web','2021-08-10 13:39:41','2021-08-10 13:39:41'),(28,'vendor-delete','web','2021-08-10 13:39:41','2021-08-10 13:39:41'),(29,'route_trip-index','web','2021-08-10 13:39:43','2021-08-10 13:39:43'),(30,'route_trip-create','web','2021-08-10 13:39:43','2021-08-10 13:39:43'),(31,'route_trip-update','web','2021-08-10 13:39:43','2021-08-10 13:39:43'),(32,'route_trip-delete','web','2021-08-10 13:39:43','2021-08-10 13:39:43'),(33,'vendor_trip-index','web','2021-08-10 13:39:44','2021-08-10 13:39:44'),(34,'vendor_trip-create','web','2021-08-10 13:39:44','2021-08-10 13:39:44'),(35,'vendor_trip-update','web','2021-08-10 13:39:44','2021-08-10 13:39:44'),(36,'vendor_trip-delete','web','2021-08-10 13:39:45','2021-08-10 13:39:45'),(37,'vehicle-index','web','2021-08-10 13:39:48','2021-08-10 13:39:48'),(38,'vehicle-create','web','2021-08-10 13:39:48','2021-08-10 13:39:48'),(39,'vehicle-update','web','2021-08-10 13:39:48','2021-08-10 13:39:48'),(40,'vehicle-delete','web','2021-08-10 13:39:48','2021-08-10 13:39:48'),(41,'company-index','web','2021-08-15 15:20:27','2021-08-15 15:20:27'),(42,'company-create','web','2021-08-15 15:20:27','2021-08-15 15:20:27'),(43,'company-update','web','2021-08-15 15:20:27','2021-08-15 15:20:27'),(44,'company-delete','web','2021-08-15 15:20:27','2021-08-15 15:20:27'),(45,'uom_category-index','web','2021-08-15 15:20:28','2021-08-15 15:20:28'),(46,'uom_category-create','web','2021-08-15 15:20:28','2021-08-15 15:20:28'),(47,'uom_category-update','web','2021-08-15 15:20:28','2021-08-15 15:20:28'),(48,'uom_category-delete','web','2021-08-15 15:20:29','2021-08-15 15:20:29'),(49,'uom-index','web','2021-08-15 15:20:30','2021-08-15 15:20:30'),(50,'uom-create','web','2021-08-15 15:20:30','2021-08-15 15:20:30'),(51,'uom-update','web','2021-08-15 15:20:30','2021-08-15 15:20:30'),(52,'uom-delete','web','2021-08-15 15:20:30','2021-08-15 15:20:30'),(53,'setting-index','web','2021-08-15 15:20:31','2021-08-15 15:20:31'),(54,'setting-create','web','2021-08-15 15:20:31','2021-08-15 15:20:31'),(55,'setting-update','web','2021-08-15 15:20:31','2021-08-15 15:20:31'),(56,'setting-delete','web','2021-08-15 15:20:31','2021-08-15 15:20:31'),(57,'product-index','web','2021-08-15 15:20:32','2021-08-15 15:20:32'),(58,'product-create','web','2021-08-15 15:20:32','2021-08-15 15:20:32'),(59,'product-update','web','2021-08-15 15:20:32','2021-08-15 15:20:32'),(60,'product-delete','web','2021-08-15 15:20:32','2021-08-15 15:20:32'),(61,'warehouse-index','web','2021-08-15 15:21:55','2021-08-15 15:21:55'),(62,'warehouse-create','web','2021-08-15 15:21:55','2021-08-15 15:21:55'),(63,'warehouse-update','web','2021-08-15 15:21:55','2021-08-15 15:21:55'),(64,'warehouse-delete','web','2021-08-15 15:21:55','2021-08-15 15:21:55'),(65,'stock_quant-index','web','2021-08-15 15:22:16','2021-08-15 15:22:16'),(66,'stock_quant-create','web','2021-08-15 15:22:16','2021-08-15 15:22:16'),(67,'stock_quant-update','web','2021-08-15 15:22:16','2021-08-15 15:22:16'),(68,'stock_quant-delete','web','2021-08-15 15:22:16','2021-08-15 15:22:16'),(69,'stock_inventory-index','web','2021-08-15 15:22:17','2021-08-15 15:22:17'),(70,'stock_inventory-create','web','2021-08-15 15:22:17','2021-08-15 15:22:17'),(71,'stock_inventory-update','web','2021-08-15 15:22:17','2021-08-15 15:22:17'),(72,'stock_inventory-delete','web','2021-08-15 15:22:17','2021-08-15 15:22:17'),(73,'stock_picking_type-index','web','2021-08-15 15:22:18','2021-08-15 15:22:18'),(74,'stock_picking_type-create','web','2021-08-15 15:22:18','2021-08-15 15:22:18'),(75,'stock_picking_type-update','web','2021-08-15 15:22:18','2021-08-15 15:22:18'),(76,'stock_picking_type-delete','web','2021-08-15 15:22:19','2021-08-15 15:22:19'),(77,'stock_picking-index','web','2021-08-15 15:22:19','2021-08-15 15:22:19'),(78,'stock_picking-create','web','2021-08-15 15:22:19','2021-08-15 15:22:19'),(79,'stock_picking-update','web','2021-08-15 15:22:20','2021-08-15 15:22:20'),(80,'stock_picking-delete','web','2021-08-15 15:22:20','2021-08-15 15:22:20'),(129,'btb_view_tmp-index','web','2021-10-03 14:24:54','2021-10-03 14:24:54'),(130,'btb_view_tmp-create','web','2021-10-03 14:24:55','2021-10-03 14:24:55'),(131,'btb_view_tmp-update','web','2021-10-03 14:24:56','2021-10-03 14:24:56'),(132,'btb_view_tmp-delete','web','2021-10-03 14:24:56','2021-10-03 14:24:56'),(133,'vendor_contact-index','web','2021-10-21 14:08:06','2021-10-21 14:08:06'),(134,'vendor_contact-create','web','2021-10-21 14:08:06','2021-10-21 14:08:06'),(135,'vendor_contact-update','web','2021-10-21 14:08:06','2021-10-21 14:08:06'),(136,'vendor_contact-delete','web','2021-10-21 14:08:07','2021-10-21 14:08:07'),(137,'vendor_location-index','web','2021-10-21 14:08:08','2021-10-21 14:08:08'),(138,'vendor_location-create','web','2021-10-21 14:08:08','2021-10-21 14:08:08'),(139,'vendor_location-update','web','2021-10-21 14:08:08','2021-10-21 14:08:08'),(140,'vendor_location-delete','web','2021-10-21 14:08:08','2021-10-21 14:08:08'),(141,'dms_ap_supplier-index','web','2021-10-29 03:56:22','2021-10-29 03:56:22'),(142,'dms_ap_supplier-create','web','2021-10-29 03:56:22','2021-10-29 03:56:22'),(143,'dms_ap_supplier-update','web','2021-10-29 03:56:22','2021-10-29 03:56:22'),(144,'dms_ap_supplier-delete','web','2021-10-29 03:56:23','2021-10-29 03:56:23'),(145,'dms_ar_customer-index','web','2021-10-29 03:56:23','2021-10-29 03:56:23'),(146,'dms_ar_customer-create','web','2021-10-29 03:56:23','2021-10-29 03:56:23'),(147,'dms_ar_customer-update','web','2021-10-29 03:56:24','2021-10-29 03:56:24'),(148,'dms_ar_customer-delete','web','2021-10-29 03:56:24','2021-10-29 03:56:24'),(149,'dms_ar_customercategory-index','web','2021-10-29 03:56:24','2021-10-29 03:56:24'),(150,'dms_ar_customercategory-create','web','2021-10-29 03:56:24','2021-10-29 03:56:24'),(151,'dms_ar_customercategory-update','web','2021-10-29 03:56:25','2021-10-29 03:56:25'),(152,'dms_ar_customercategory-delete','web','2021-10-29 03:56:25','2021-10-29 03:56:25'),(153,'dms_ar_customercategorytype-index','web','2021-10-29 03:56:25','2021-10-29 03:56:25'),(154,'dms_ar_customercategorytype-create','web','2021-10-29 03:56:26','2021-10-29 03:56:26'),(155,'dms_ar_customercategorytype-update','web','2021-10-29 03:56:26','2021-10-29 03:56:26'),(156,'dms_ar_customercategorytype-delete','web','2021-10-29 03:56:26','2021-10-29 03:56:26'),(157,'dms_ar_customerhierarchy-index','web','2021-10-29 03:56:27','2021-10-29 03:56:27'),(158,'dms_ar_customerhierarchy-create','web','2021-10-29 03:56:27','2021-10-29 03:56:27'),(159,'dms_ar_customerhierarchy-update','web','2021-10-29 03:56:27','2021-10-29 03:56:27'),(160,'dms_ar_customerhierarchy-delete','web','2021-10-29 03:56:27','2021-10-29 03:56:27'),(161,'dms_ar_customerrouteinfo-index','web','2021-10-29 03:56:28','2021-10-29 03:56:28'),(162,'dms_ar_customerrouteinfo-create','web','2021-10-29 03:56:28','2021-10-29 03:56:28'),(163,'dms_ar_customerrouteinfo-update','web','2021-10-29 03:56:28','2021-10-29 03:56:28'),(164,'dms_ar_customerrouteinfo-delete','web','2021-10-29 03:56:28','2021-10-29 03:56:28'),(165,'dms_ar_doccustomer-index','web','2021-10-29 03:56:29','2021-10-29 03:56:29'),(166,'dms_ar_doccustomer-create','web','2021-10-29 03:56:29','2021-10-29 03:56:29'),(167,'dms_ar_doccustomer-update','web','2021-10-29 03:56:29','2021-10-29 03:56:29'),(168,'dms_ar_doccustomer-delete','web','2021-10-29 03:56:29','2021-10-29 03:56:29'),(169,'dms_ar_paymentterm-index','web','2021-10-29 03:56:30','2021-10-29 03:56:30'),(170,'dms_ar_paymentterm-create','web','2021-10-29 03:56:30','2021-10-29 03:56:30'),(171,'dms_ar_paymentterm-update','web','2021-10-29 03:56:30','2021-10-29 03:56:30'),(172,'dms_ar_paymentterm-delete','web','2021-10-29 03:56:31','2021-10-29 03:56:31'),(173,'dms_ar_paymenttype-index','web','2021-10-29 03:56:31','2021-10-29 03:56:31'),(174,'dms_ar_paymenttype-create','web','2021-10-29 03:56:31','2021-10-29 03:56:31'),(175,'dms_ar_paymenttype-update','web','2021-10-29 03:56:32','2021-10-29 03:56:32'),(176,'dms_ar_paymenttype-delete','web','2021-10-29 03:56:32','2021-10-29 03:56:32'),(177,'dms_ar_pricesegment-index','web','2021-10-29 03:56:32','2021-10-29 03:56:32'),(178,'dms_ar_pricesegment-create','web','2021-10-29 03:56:33','2021-10-29 03:56:33'),(179,'dms_ar_pricesegment-update','web','2021-10-29 03:56:33','2021-10-29 03:56:33'),(180,'dms_ar_pricesegment-delete','web','2021-10-29 03:56:33','2021-10-29 03:56:33'),(181,'dms_fin_account-index','web','2021-10-29 03:56:33','2021-10-29 03:56:33'),(182,'dms_fin_account-create','web','2021-10-29 03:56:34','2021-10-29 03:56:34'),(183,'dms_fin_account-update','web','2021-10-29 03:56:34','2021-10-29 03:56:34'),(184,'dms_fin_account-delete','web','2021-10-29 03:56:34','2021-10-29 03:56:34'),(185,'dms_fin_subaccount-index','web','2021-10-29 03:56:35','2021-10-29 03:56:35'),(186,'dms_fin_subaccount-create','web','2021-10-29 03:56:35','2021-10-29 03:56:35'),(187,'dms_fin_subaccount-update','web','2021-10-29 03:56:35','2021-10-29 03:56:35'),(188,'dms_fin_subaccount-delete','web','2021-10-29 03:56:35','2021-10-29 03:56:35'),(189,'dms_inv_carrier-index','web','2021-10-29 03:56:36','2021-10-29 03:56:36'),(190,'dms_inv_carrier-create','web','2021-10-29 03:56:36','2021-10-29 03:56:36'),(191,'dms_inv_carrier-update','web','2021-10-29 03:56:36','2021-10-29 03:56:36'),(192,'dms_inv_carrier-delete','web','2021-10-29 03:56:36','2021-10-29 03:56:36'),(193,'dms_inv_carrierdriver-index','web','2021-10-29 03:56:37','2021-10-29 03:56:37'),(194,'dms_inv_carrierdriver-create','web','2021-10-29 03:56:37','2021-10-29 03:56:37'),(195,'dms_inv_carrierdriver-update','web','2021-10-29 03:56:37','2021-10-29 03:56:37'),(196,'dms_inv_carrierdriver-delete','web','2021-10-29 03:56:37','2021-10-29 03:56:37'),(197,'dms_inv_carriervehicle-index','web','2021-10-29 03:56:38','2021-10-29 03:56:38'),(198,'dms_inv_carriervehicle-create','web','2021-10-29 03:56:38','2021-10-29 03:56:38'),(199,'dms_inv_carriervehicle-update','web','2021-10-29 03:56:38','2021-10-29 03:56:38'),(200,'dms_inv_carriervehicle-delete','web','2021-10-29 03:56:38','2021-10-29 03:56:38'),(201,'dms_inv_product-index','web','2021-10-29 03:56:39','2021-10-29 03:56:39'),(202,'dms_inv_product-create','web','2021-10-29 03:56:39','2021-10-29 03:56:39'),(203,'dms_inv_product-update','web','2021-10-29 03:56:39','2021-10-29 03:56:39'),(204,'dms_inv_product-delete','web','2021-10-29 03:56:39','2021-10-29 03:56:39'),(205,'dms_inv_productcategory-index','web','2021-10-29 03:56:40','2021-10-29 03:56:40'),(206,'dms_inv_productcategory-create','web','2021-10-29 03:56:40','2021-10-29 03:56:40'),(207,'dms_inv_productcategory-update','web','2021-10-29 03:56:41','2021-10-29 03:56:41'),(208,'dms_inv_productcategory-delete','web','2021-10-29 03:56:41','2021-10-29 03:56:41'),(209,'dms_inv_productcategorytype-index','web','2021-10-29 03:56:42','2021-10-29 03:56:42'),(210,'dms_inv_productcategorytype-create','web','2021-10-29 03:56:42','2021-10-29 03:56:42'),(211,'dms_inv_productcategorytype-update','web','2021-10-29 03:56:42','2021-10-29 03:56:42'),(212,'dms_inv_productcategorytype-delete','web','2021-10-29 03:56:42','2021-10-29 03:56:42'),(213,'dms_inv_productitemcategory-index','web','2021-10-29 03:56:43','2021-10-29 03:56:43'),(214,'dms_inv_productitemcategory-create','web','2021-10-29 03:56:43','2021-10-29 03:56:43'),(215,'dms_inv_productitemcategory-update','web','2021-10-29 03:56:43','2021-10-29 03:56:43'),(216,'dms_inv_productitemcategory-delete','web','2021-10-29 03:56:44','2021-10-29 03:56:44'),(217,'dms_inv_productkitinfo-index','web','2021-10-29 03:56:44','2021-10-29 03:56:44'),(218,'dms_inv_productkitinfo-create','web','2021-10-29 03:56:44','2021-10-29 03:56:44'),(219,'dms_inv_productkitinfo-update','web','2021-10-29 03:56:44','2021-10-29 03:56:44'),(220,'dms_inv_productkitinfo-delete','web','2021-10-29 03:56:45','2021-10-29 03:56:45'),(221,'dms_inv_uom-index','web','2021-10-29 03:56:45','2021-10-29 03:56:45'),(222,'dms_inv_uom-create','web','2021-10-29 03:56:45','2021-10-29 03:56:45'),(223,'dms_inv_uom-update','web','2021-10-29 03:56:46','2021-10-29 03:56:46'),(224,'dms_inv_uom-delete','web','2021-10-29 03:56:46','2021-10-29 03:56:46'),(225,'dms_inv_vehicle-index','web','2021-10-29 03:56:46','2021-10-29 03:56:46'),(226,'dms_inv_vehicle-create','web','2021-10-29 03:56:47','2021-10-29 03:56:47'),(227,'dms_inv_vehicle-update','web','2021-10-29 03:56:47','2021-10-29 03:56:47'),(228,'dms_inv_vehicle-delete','web','2021-10-29 03:56:47','2021-10-29 03:56:47'),(229,'dms_inv_vehicletype-index','web','2021-10-29 03:56:48','2021-10-29 03:56:48'),(230,'dms_inv_vehicletype-create','web','2021-10-29 03:56:48','2021-10-29 03:56:48'),(231,'dms_inv_vehicletype-update','web','2021-10-29 03:56:48','2021-10-29 03:56:48'),(232,'dms_inv_vehicletype-delete','web','2021-10-29 03:56:48','2021-10-29 03:56:48'),(233,'dms_inv_warehouse-index','web','2021-10-29 03:56:49','2021-10-29 03:56:49'),(234,'dms_inv_warehouse-create','web','2021-10-29 03:56:49','2021-10-29 03:56:49'),(235,'dms_inv_warehouse-update','web','2021-10-29 03:56:49','2021-10-29 03:56:49'),(236,'dms_inv_warehouse-delete','web','2021-10-29 03:56:49','2021-10-29 03:56:49'),(237,'dms_sd_pricecatalog-index','web','2021-10-29 03:56:50','2021-10-29 03:56:50'),(238,'dms_sd_pricecatalog-create','web','2021-10-29 03:56:50','2021-10-29 03:56:50'),(239,'dms_sd_pricecatalog-update','web','2021-10-29 03:56:50','2021-10-29 03:56:50'),(240,'dms_sd_pricecatalog-delete','web','2021-10-29 03:56:50','2021-10-29 03:56:50'),(241,'dms_sd_route-index','web','2021-10-29 03:56:51','2021-10-29 03:56:51'),(242,'dms_sd_route-create','web','2021-10-29 03:56:51','2021-10-29 03:56:51'),(243,'dms_sd_route-update','web','2021-10-29 03:56:51','2021-10-29 03:56:51'),(244,'dms_sd_route-delete','web','2021-10-29 03:56:51','2021-10-29 03:56:51'),(245,'dms_sd_routeitem-index','web','2021-10-29 03:56:52','2021-10-29 03:56:52'),(246,'dms_sd_routeitem-create','web','2021-10-29 03:56:52','2021-10-29 03:56:52'),(247,'dms_sd_routeitem-update','web','2021-10-29 03:56:52','2021-10-29 03:56:52'),(248,'dms_sd_routeitem-delete','web','2021-10-29 03:56:52','2021-10-29 03:56:52'),(249,'vehicle_ekspedisi-index','web','2021-10-30 05:57:53','2021-10-30 05:57:53'),(250,'vehicle_ekspedisi-create','web','2021-10-30 05:57:53','2021-10-30 05:57:53'),(251,'vehicle_ekspedisi-update','web','2021-10-30 05:57:53','2021-10-30 05:57:53'),(252,'vehicle_ekspedisi-delete','web','2021-10-30 05:57:54','2021-10-30 05:57:54'),(253,'contact_ekspedisi-index','web','2021-10-30 05:57:54','2021-10-30 05:57:54'),(254,'contact_ekspedisi-create','web','2021-10-30 05:57:54','2021-10-30 05:57:54'),(255,'contact_ekspedisi-update','web','2021-10-30 05:57:55','2021-10-30 05:57:55'),(256,'contact_ekspedisi-delete','web','2021-10-30 05:57:55','2021-10-30 05:57:55'),(257,'location_ekspedisi-index','web','2021-10-30 05:57:55','2021-10-30 05:57:55'),(258,'location_ekspedisi-create','web','2021-10-30 05:57:56','2021-10-30 05:57:56'),(259,'location_ekspedisi-update','web','2021-10-30 05:57:56','2021-10-30 05:57:56'),(260,'location_ekspedisi-delete','web','2021-10-30 05:57:56','2021-10-30 05:57:56'),(261,'contact_supplier-index','web','2021-10-30 05:59:37','2021-10-30 05:59:37'),(262,'contact_supplier-create','web','2021-10-30 05:59:38','2021-10-30 05:59:38'),(263,'contact_supplier-update','web','2021-10-30 05:59:38','2021-10-30 05:59:38'),(264,'contact_supplier-delete','web','2021-10-30 05:59:38','2021-10-30 05:59:38'),(265,'location_supplier-index','web','2021-10-30 05:59:39','2021-10-30 05:59:39'),(266,'location_supplier-create','web','2021-10-30 05:59:39','2021-10-30 05:59:39'),(267,'location_supplier-update','web','2021-10-30 05:59:39','2021-10-30 05:59:39'),(268,'location_supplier-delete','web','2021-10-30 05:59:39','2021-10-30 05:59:39'),(269,'contact_customer-index','web','2021-10-30 05:59:40','2021-10-30 05:59:40'),(270,'contact_customer-create','web','2021-10-30 05:59:40','2021-10-30 05:59:40'),(271,'contact_customer-update','web','2021-10-30 05:59:40','2021-10-30 05:59:40'),(272,'contact_customer-delete','web','2021-10-30 05:59:41','2021-10-30 05:59:41'),(273,'location_customer-index','web','2021-10-30 05:59:42','2021-10-30 05:59:42'),(274,'location_customer-create','web','2021-10-30 05:59:42','2021-10-30 05:59:42'),(275,'location_customer-update','web','2021-10-30 05:59:42','2021-10-30 05:59:42'),(276,'location_customer-delete','web','2021-10-30 05:59:42','2021-10-30 05:59:42'),(277,'entity-index','web','2021-11-01 06:13:35','2021-11-01 06:13:35'),(278,'entity-create','web','2021-11-01 06:13:35','2021-11-01 06:13:35'),(279,'entity-update','web','2021-11-01 06:13:35','2021-11-01 06:13:35'),(280,'entity-delete','web','2021-11-01 06:13:35','2021-11-01 06:13:35'),(281,'trip-index','web','2021-11-01 08:26:05','2021-11-01 08:26:05'),(282,'trip-create','web','2021-11-01 08:26:06','2021-11-01 08:26:06'),(283,'trip-update','web','2021-11-01 08:26:06','2021-11-01 08:26:06'),(284,'trip-delete','web','2021-11-01 08:26:06','2021-11-01 08:26:06'),(285,'synchronize-index','web','2021-11-03 07:32:34','2021-11-03 07:32:34'),(286,'synchronize-create','web','2021-11-03 07:32:34','2021-11-03 07:32:34'),(287,'synchronize-update','web','2021-11-03 07:32:34','2021-11-03 07:32:34'),(288,'synchronize-delete','web','2021-11-03 07:32:34','2021-11-03 07:32:34'),(289,'dms_sm_branch-index','web','2021-11-09 14:09:23','2021-11-09 14:09:23'),(290,'dms_sm_branch-create','web','2021-11-09 14:09:24','2021-11-09 14:09:24'),(291,'dms_sm_branch-update','web','2021-11-09 14:09:24','2021-11-09 14:09:24'),(292,'dms_sm_branch-delete','web','2021-11-09 14:09:24','2021-11-09 14:09:24'),(293,'product_categories-index','web','2021-11-09 14:10:52','2021-11-09 14:10:52'),(294,'product_categories-create','web','2021-11-09 14:10:52','2021-11-09 14:10:52'),(295,'product_categories-update','web','2021-11-09 14:10:52','2021-11-09 14:10:52'),(296,'product_categories-delete','web','2021-11-09 14:10:52','2021-11-09 14:10:52'),(297,'product_categories_product-index','web','2021-11-10 12:48:16','2021-11-10 12:48:16'),(298,'product_categories_product-create','web','2021-11-10 12:48:16','2021-11-10 12:48:16'),(299,'product_categories_product-update','web','2021-11-10 12:48:16','2021-11-10 12:48:16'),(300,'product_categories_product-delete','web','2021-11-10 12:48:17','2021-11-10 12:48:17'),(301,'product_price-index','web','2021-11-10 21:37:18','2021-11-10 21:37:18'),(302,'product_price-create','web','2021-11-10 21:37:19','2021-11-10 21:37:19'),(303,'product_price-update','web','2021-11-10 21:37:19','2021-11-10 21:37:19'),(304,'product_price-delete','web','2021-11-10 21:37:19','2021-11-10 21:37:19'),(305,'master_discount-index','web','2021-11-11 21:01:18','2021-11-11 21:01:18'),(306,'master_discount-create','web','2021-11-11 21:01:18','2021-11-11 21:01:18'),(307,'master_discount-update','web','2021-11-11 21:01:18','2021-11-11 21:01:18'),(308,'master_discount-delete','web','2021-11-11 21:01:18','2021-11-11 21:01:18'),(309,'location-index','web','2021-11-13 20:13:38','2021-11-13 20:13:38'),(310,'location-create','web','2021-11-13 20:13:39','2021-11-13 20:13:39'),(311,'location-update','web','2021-11-13 20:13:39','2021-11-13 20:13:39'),(312,'location-delete','web','2021-11-13 20:13:39','2021-11-13 20:13:39'),(313,'btb_validate-index','web','2021-11-25 05:35:19','2021-11-25 05:35:19'),(314,'btb_validate-create','web','2021-11-25 05:35:20','2021-11-25 05:35:20'),(315,'btb_validate-update','web','2021-11-25 05:35:20','2021-11-25 05:35:20'),(316,'btb_validate-delete','web','2021-11-25 05:35:20','2021-11-25 05:35:20'),(317,'invoice-index','web','2021-11-26 21:05:33','2021-11-26 21:05:33'),(318,'invoice-create','web','2021-11-26 21:05:33','2021-11-26 21:05:33'),(319,'invoice-update','web','2021-11-26 21:05:34','2021-11-26 21:05:34'),(320,'invoice-delete','web','2021-11-26 21:05:34','2021-11-26 21:05:34'),(321,'invoice_line-index','web','2021-12-04 20:42:17','2021-12-04 20:42:17'),(322,'invoice_line-create','web','2021-12-04 20:42:17','2021-12-04 20:42:17'),(323,'invoice_line-update','web','2021-12-04 20:42:17','2021-12-04 20:42:17'),(324,'invoice_line-delete','web','2021-12-04 20:42:17','2021-12-04 20:42:17'),(325,'debit_credit_note-index','web','2021-12-06 21:29:42','2021-12-06 21:29:42'),(326,'debit_credit_note-create','web','2021-12-06 21:29:42','2021-12-06 21:29:42'),(327,'debit_credit_note-update','web','2021-12-06 21:29:42','2021-12-06 21:29:42'),(328,'debit_credit_note-delete','web','2021-12-06 21:29:43','2021-12-06 21:29:43'),(329,'payment-index','web','2021-12-08 21:49:07','2021-12-08 21:49:07'),(330,'payment-create','web','2021-12-08 21:49:07','2021-12-08 21:49:07'),(331,'payment-update','web','2021-12-08 21:49:07','2021-12-08 21:49:07'),(332,'payment-delete','web','2021-12-08 21:49:08','2021-12-08 21:49:08'),(333,'payment_line-index','web','2021-12-08 21:49:10','2021-12-08 21:49:10'),(334,'payment_line-create','web','2021-12-08 21:49:10','2021-12-08 21:49:10'),(335,'payment_line-update','web','2021-12-08 21:49:11','2021-12-08 21:49:11'),(336,'payment_line-delete','web','2021-12-08 21:49:11','2021-12-08 21:49:11'),(337,'discounts-index','web','2021-12-23 10:46:49','2021-12-23 10:46:49'),(338,'discounts-create','web','2021-12-23 10:46:49','2021-12-23 10:46:49'),(339,'discounts-update','web','2021-12-23 10:46:50','2021-12-23 10:46:50'),(340,'discounts-delete','web','2021-12-23 10:46:50','2021-12-23 10:46:50'),(341,'bkb_validate-index','web','2021-12-27 05:39:06','2021-12-27 05:39:06'),(342,'bkb_validate-create','web','2021-12-27 05:39:06','2021-12-27 05:39:06'),(343,'bkb_validate-update','web','2021-12-27 05:39:06','2021-12-27 05:39:06'),(344,'bkb_validate-delete','web','2021-12-27 05:39:06','2021-12-27 05:39:06'),(345,'bkb_discounts-index','web','2021-12-31 21:22:28','2021-12-31 21:22:28'),(346,'bkb_discounts-create','web','2021-12-31 21:22:28','2021-12-31 21:22:28'),(347,'bkb_discounts-update','web','2021-12-31 21:22:29','2021-12-31 21:22:29'),(348,'bkb_discounts-delete','web','2021-12-31 21:22:29','2021-12-31 21:22:29'),(349,'account_move-index','web','2022-01-09 20:22:08','2022-01-09 20:22:08'),(350,'account_move-create','web','2022-01-09 20:22:08','2022-01-09 20:22:08'),(351,'account_move-update','web','2022-01-09 20:22:09','2022-01-09 20:22:09'),(352,'account_move-delete','web','2022-01-09 20:22:09','2022-01-09 20:22:09'),(353,'account-index','web','2022-01-11 20:11:58','2022-01-11 20:11:58'),(354,'account-create','web','2022-01-11 20:11:58','2022-01-11 20:11:58'),(355,'account-update','web','2022-01-11 20:11:58','2022-01-11 20:11:58'),(356,'account-delete','web','2022-01-11 20:11:58','2022-01-11 20:11:58'),(357,'report_setting_account-index','web','2022-01-11 20:54:27','2022-01-11 20:54:27'),(358,'report_setting_account-create','web','2022-01-11 20:54:27','2022-01-11 20:54:27'),(359,'report_setting_account-update','web','2022-01-11 20:54:27','2022-01-11 20:54:27'),(360,'report_setting_account-delete','web','2022-01-11 20:54:28','2022-01-11 20:54:28'),(361,'journaldms-create','web',NULL,NULL),(362,'account_balance-index','web','2022-01-21 08:19:26','2022-01-21 08:19:26'),(363,'account_balance-create','web','2022-01-21 08:19:27','2022-01-21 08:19:27'),(364,'shipping_cost_manual-index','web','2022-02-22 13:58:27','2022-02-22 13:58:27'),(365,'shipping_cost_manual-create','web','2022-02-22 13:58:28','2022-02-22 13:58:28'),(366,'shipping_cost_manual-update','web','2022-02-22 13:58:28','2022-02-22 13:58:28'),(367,'shipping_cost_manual-delete','web','2022-02-22 13:58:28','2022-02-22 13:58:28'),(368,'transfer_cash_bank-index','web','2022-03-14 14:37:18','2022-03-14 14:37:18'),(369,'transfer_cash_bank-create','web','2022-03-14 14:37:19','2022-03-14 14:37:19'),(370,'transfer_cash_bank-update','web','2022-03-14 14:37:19','2022-03-14 14:37:19'),(371,'transfer_cash_bank-delete','web','2022-03-14 14:37:19','2022-03-14 14:37:19'),(372,'product_stock-index','web','2022-04-05 14:33:26','2022-04-05 14:33:26'),(373,'product_stock-create','web','2022-04-05 14:33:26','2022-04-05 14:33:26'),(374,'product_stock-update','web','2022-04-05 14:33:26','2022-04-05 14:33:26'),(375,'product_stock-delete','web','2022-04-05 14:33:27','2022-04-05 14:33:27');
/*!40000 ALTER TABLE `permissions` ENABLE KEYS */;
UNLOCK TABLES;

--
-- Table structure for table `role_has_permissions`
--

DROP TABLE IF EXISTS `role_has_permissions`;
/*!40101 SET @saved_cs_client     = @@character_set_client */;
/*!50503 SET character_set_client = utf8mb4 */;
CREATE TABLE `role_has_permissions` (
  `permission_id` bigint unsigned NOT NULL,
  `role_id` bigint unsigned NOT NULL,
  PRIMARY KEY (`permission_id`,`role_id`),
  KEY `role_has_permissions_role_id_foreign` (`role_id`),
  CONSTRAINT `role_has_permissions_permission_id_foreign` FOREIGN KEY (`permission_id`) REFERENCES `permissions` (`id`) ON DELETE CASCADE,
  CONSTRAINT `role_has_permissions_role_id_foreign` FOREIGN KEY (`role_id`) REFERENCES `roles` (`id`) ON DELETE CASCADE
) ENGINE=InnoDB DEFAULT CHARSET=utf8mb4 COLLATE=utf8mb4_unicode_ci;
/*!40101 SET character_set_client = @saved_cs_client */;

--
-- Dumping data for table `role_has_permissions`
--

LOCK TABLES `role_has_permissions` WRITE;
/*!40000 ALTER TABLE `role_has_permissions` DISABLE KEYS */;
INSERT INTO `role_has_permissions` VALUES (1,1),(2,1),(3,1),(4,1),(5,1),(6,1),(7,1),(8,1),(9,1),(10,1),(11,1),(12,1),(13,1),(14,1),(15,1),(16,1),(41,1),(42,1),(43,1),(44,1),(53,1),(54,1),(55,1),(56,1),(277,1),(278,1),(279,1),(280,1),(17,2),(18,2),(19,2),(20,2),(21,2),(22,2),(23,2),(24,2),(25,2),(26,2),(27,2),(28,2),(33,2),(34,2),(35,2),(36,2),(37,2),(38,2),(39,2),(40,2),(45,2),(46,2),(47,2),(48,2),(49,2),(50,2),(51,2),(52,2),(53,2),(54,2),(55,2),(56,2),(57,2),(58,2),(59,2),(60,2),(61,2),(62,2),(63,2),(64,2),(129,2),(130,2),(131,2),(132,2),(133,2),(134,2),(135,2),(136,2),(137,2),(138,2),(139,2),(140,2),(141,2),(142,2),(143,2),(144,2),(145,2),(146,2),(147,2),(148,2),(149,2),(150,2),(151,2),(152,2),(153,2),(154,2),(155,2),(156,2),(157,2),(158,2),(159,2),(160,2),(161,2),(162,2),(163,2),(164,2),(165,2),(166,2),(167,2),(168,2),(169,2),(170,2),(171,2),(172,2),(173,2),(174,2),(175,2),(176,2),(177,2),(178,2),(179,2),(180,2),(181,2),(182,2),(183,2),(184,2),(185,2),(186,2),(187,2),(188,2),(189,2),(190,2),(191,2),(192,2),(193,2),(194,2),(195,2),(196,2),(197,2),(198,2),(199,2),(200,2),(201,2),(202,2),(203,2),(204,2),(205,2),(206,2),(207,2),(208,2),(209,2),(210,2),(211,2),(212,2),(213,2),(214,2),(215,2),(216,2),(217,2),(218,2),(219,2),(220,2),(221,2),(222,2),(223,2),(224,2),(225,2),(226,2),(227,2),(228,2),(229,2),(230,2),(231,2),(232,2),(233,2),(234,2),(235,2),(236,2),(237,2),(238,2),(239,2),(240,2),(241,2),(242,2),(243,2),(244,2),(245,2),(246,2),(247,2),(248,2),(249,2),(250,2),(251,2),(252,2),(253,2),(254,2),(255,2),(256,2),(257,2),(258,2),(259,2),(260,2),(261,2),(262,2),(263,2),(264,2),(265,2),(266,2),(267,2),(268,2),(269,2),(270,2),(271,2),(272,2),(273,2),(274,2),(275,2),(276,2),(281,2),(282,2),(283,2),(284,2),(285,2),(286,2),(287,2),(288,2),(289,2),(290,2),(291,2),(292,2),(293,2),(294,2),(295,2),(296,2),(297,2),(298,2),(299,2),(300,2),(301,2),(302,2),(303,2),(304,2),(305,2),(306,2),(307,2),(308,2),(309,2),(310,2),(311,2),(312,2),(313,2),(314,2),(315,2),(316,2),(317,2),(318,2),(319,2),(320,2),(325,2),(326,2),(327,2),(328,2),(329,2),(330,2),(331,2),(332,2),(337,2),(338,2),(339,2),(340,2),(345,2),(346,2),(347,2),(348,2),(349,2),(350,2),(351,2),(352,2),(353,2),(354,2),(355,2),(356,2),(357,2),(358,2),(359,2),(360,2),(361,2),(362,2),(363,2),(364,2),(365,2),(366,2),(367,2),(368,2),(369,2),(370,2),(371,2),(372,2),(373,2),(374,2),(375,2);
/*!40000 ALTER TABLE `role_has_permissions` ENABLE KEYS */;
UNLOCK TABLES;

--
-- Table structure for table `roles`
--

DROP TABLE IF EXISTS `roles`;
/*!40101 SET @saved_cs_client     = @@character_set_client */;
/*!50503 SET character_set_client = utf8mb4 */;
CREATE TABLE `roles` (
  `id` bigint unsigned NOT NULL AUTO_INCREMENT,
  `name` varchar(255) CHARACTER SET utf8mb4 COLLATE utf8mb4_unicode_ci NOT NULL,
  `guard_name` varchar(255) CHARACTER SET utf8mb4 COLLATE utf8mb4_unicode_ci NOT NULL,
  `created_at` timestamp NULL DEFAULT NULL,
  `updated_at` timestamp NULL DEFAULT NULL,
  PRIMARY KEY (`id`),
  UNIQUE KEY `roles_name_guard_name_unique` (`name`,`guard_name`)
) ENGINE=InnoDB AUTO_INCREMENT=3 DEFAULT CHARSET=utf8mb4 COLLATE=utf8mb4_unicode_ci;
/*!40101 SET character_set_client = @saved_cs_client */;

--
-- Dumping data for table `roles`
--

LOCK TABLES `roles` WRITE;
/*!40000 ALTER TABLE `roles` DISABLE KEYS */;
INSERT INTO `roles` VALUES (1,'administrator','web','2021-10-26 22:21:21','2021-10-26 22:21:21'),(2,'Admin Company','web','2021-11-01 06:31:19','2021-11-01 06:31:19');
/*!40000 ALTER TABLE `roles` ENABLE KEYS */;
UNLOCK TABLES;

--
-- Table structure for table `users`
--

DROP TABLE IF EXISTS `users`;
/*!40101 SET @saved_cs_client     = @@character_set_client */;
/*!50503 SET character_set_client = utf8mb4 */;
CREATE TABLE `users` (
  `id` bigint unsigned NOT NULL AUTO_INCREMENT,
  `name` varchar(255) CHARACTER SET utf8mb4 COLLATE utf8mb4_unicode_ci NOT NULL,
  `email` varchar(255) CHARACTER SET utf8mb4 COLLATE utf8mb4_unicode_ci NOT NULL,
  `email_verified_at` timestamp NULL DEFAULT NULL,
  `password` varchar(255) CHARACTER SET utf8mb4 COLLATE utf8mb4_unicode_ci NOT NULL,
  `remember_token` varchar(100) CHARACTER SET utf8mb4 COLLATE utf8mb4_unicode_ci DEFAULT NULL,
  `created_at` timestamp NULL DEFAULT NULL,
  `updated_at` timestamp NULL DEFAULT NULL,
  `deleted_at` timestamp NULL DEFAULT NULL,
  `entity_id` bigint unsigned DEFAULT NULL,
  `destroyed_at` datetime DEFAULT NULL,
  PRIMARY KEY (`id`),
  UNIQUE KEY `users_email_unique` (`email`),
  KEY `fk_user_entity` (`entity_id`)
) ENGINE=InnoDB AUTO_INCREMENT=3 DEFAULT CHARSET=utf8mb4 COLLATE=utf8mb4_unicode_ci;
/*!40101 SET character_set_client = @saved_cs_client */;

--
-- Dumping data for table `users`
--

LOCK TABLES `users` WRITE;
/*!40000 ALTER TABLE `users` DISABLE KEYS */;
INSERT INTO `users` VALUES (1,'Administrator','admin@admin.com',NULL,'$2y$10$0ohKGj.S7F4i0f9bp0bVK.Mv3KqRsdff3wkcCEg.5SBgKo4V1G4om',NULL,'2021-10-26 22:21:17','2021-10-26 22:21:17',NULL,NULL,NULL),(2,'Mujiono','admin@sejati.com',NULL,'$2y$10$.5RNOGVuVlBGKN6lShPhF.KALvNIP9w8UGn9GUuJeMLuEfA4gvJpS',NULL,'2021-11-01 06:35:30','2021-11-01 06:43:05',NULL,1,NULL);
/*!40000 ALTER TABLE `users` ENABLE KEYS */;
UNLOCK TABLES;
/*!40103 SET TIME_ZONE=@OLD_TIME_ZONE */;

/*!40101 SET SQL_MODE=@OLD_SQL_MODE */;
/*!40014 SET FOREIGN_KEY_CHECKS=@OLD_FOREIGN_KEY_CHECKS */;
/*!40014 SET UNIQUE_CHECKS=@OLD_UNIQUE_CHECKS */;
/*!40101 SET CHARACTER_SET_CLIENT=@OLD_CHARACTER_SET_CLIENT */;
/*!40101 SET CHARACTER_SET_RESULTS=@OLD_CHARACTER_SET_RESULTS */;
/*!40101 SET COLLATION_CONNECTION=@OLD_COLLATION_CONNECTION */;
/*!40111 SET SQL_NOTES=@OLD_SQL_NOTES */;

-- Dump completed on 2022-07-14 12:59:15
